"","HEROP_ID","FIPS","SviSmryRnk","SviTh1","SviTh2","SviTh3","SviTh4","EssnWrkP","HghRskP","HltCrP","RetailP","TotWrkE","GiniCoeff","MedInc","PciE","PovP","UnempP","LngTermP","MobileP","RentalP","TotUnits","UnitDens","VacantP","FqhcAvTmDr","FqhcCtTmDr","FqhcTmDrP","TotTracts","OpRxRt","BachelorsP","EduHsP","EduNoHsP","EngProf","GradSclP","SomeCollegeP","CrowdHsng","DivrcdP","FamSize","HHSize","HhldFA","HhldFC","HhldFS","HhldMA","HhldMC","HhldMS","HsdTot","HsdTypCo","HsdTypM","HsdTypMC","MrrdP","NonRelFhhP","NonRelNfhhP","NvMrrdP","OccupantP","SepartedP","TotPopHh","WidwdP","DisbP","FemP","MaleP","MedAge","Ovr16","Ovr16P","Ovr18","Ovr18P","Ovr21","Ovr21P","Ovr62P","Ovr65","Ovr65P","SRatio","SRatio18","SRatio65","TotPop","Und18P","AmIndE","AmIndP","AsianE","BlackE","BlackP","HisE","HisP","OtherE","OtherP","PacIsE","PacIsP","TwoRaceE","TwoRaceP","WhiteE","WhiteP","DsmAs","DsmBlk","DsmHsp","IntrAsWht","IntrBlkWht","IntrHspWht","IsoAs","IsoBlk","IsoHsp","TotVetPop","VetP","StateAbbr","StateDesc","CountyName","StateFIPS","CountyFIPS","TotalPopulation","TotalPop18plus","FOODSTAMP_CrudePrev","FOODSTAMP_Crude95ci","FOODSTAMP_AdjPrev","FOODSTAMP_Adj95CI"
"1","050US37083",37083,0.987,0.9844,0.9007,0.9332,0.936,57.3,25.9,15.7,10.6,18108,0.4891,37991,26951,25.2,8.7,26.8,24.7,86.6,24849,34.3,18.4,4.29,16,100,16,47.9,10.2,36.4,19.1,0.004,5.2,20.3,0.02,8.6,2.95,2.32,19.1,10,11.8,13.5,1.1,5.3,20269,6.2,38.8,9.5,44.4,6.8,1.1,40.7,81.6,1.7,47017,4.5,20.9,51.4,48.6,43.8,39315,81.5,37968,78.7,33485,75.6,26.3,10426,21.6,94.6,91.9,74.7,48219,21.3,1424,3,446,25038,51.9,1558,3.2,776,1.6,24,0,2574,5.3,17937,37.2,0.69,0.4,0.35,0.34,0.3,0.43,0.04,0.6,0.07,37942,6.1,"NC","North Carolina","Halifax",37,83,"47,298","37,177",27.8,"(23.8, 31.9)",29.4,"(25.1, 34.0)"
"2","050US37179",37179,0.2008,0.2221,0.3786,0.6701,0.0932,38.5,22.6,10.8,11.7,123262,0.4455,51241,45355,7.7,4.2,13.1,4.8,51.5,86730,137.1,5.2,16.62,48,100,48,23.1,25.6,22.8,9.6,0.027,13.4,19.5,0.03,6.5,3.33,2.95,9.7,3.8,5,7.3,1.1,2.2,82231,4.5,65.7,30.8,61.1,6.4,1.9,29.5,94.8,1.4,242316,1.5,9.2,50.3,49.7,39.1,190283,77.7,181266,74,150881,69.5,16.5,32401,13.2,98.7,96.4,81.5,244975,26,1086,0.4,10002,27397,11.2,31683,12.9,14837,6.1,58,0,17450,7.1,174145,71.1,0.45,0.36,0.39,0.69,0.6,0.57,0.1,0.17,0.22,181172,6.4,"NC","North Carolina","Union",37,179,"256,452","191,719",8.5,"( 6.6, 10.6)",8.7,"( 6.9, 11.0)"
"3","050US37129",37129,0.4289,0.5638,0.0824,0.5797,0.4989,40.5,15.5,14.2,11.7,119132,0.4801,44816,46083,12.4,4.7,11.7,2.7,79,117236,609.7,12.7,9,54,100,54,76.6,29.1,18,6.5,0.015,15.7,19.7,0.01,7.9,2.85,2.2,19.7,3.8,9.3,13.8,0.7,3.8,102376,8.1,43.4,15,49.4,3.9,4,38.3,87.3,2.1,224956,2.3,11.8,52.3,47.7,40.1,193627,83.7,189042,81.8,163335,76.8,22.4,43240,18.7,91.3,88.7,77.7,231214,18.2,487,0.2,3204,26060,11.3,17675,7.6,8813,3.8,38,0,13627,5.9,178985,77.4,0.43,0.53,0.41,0.79,0.56,0.66,0.03,0.29,0.15,188258,6.9,"NC","North Carolina","New Hanover",37,129,"238,852","197,058",9,"( 6.8, 11.6)",9.6,"( 7.3, 12.5)"
"4","050US37163",37163,0.9459,0.93,0.8702,0.8721,0.867,56.8,32.9,15.6,13,24859,0.452,37968,26978,20.2,5.2,25.4,34,78.5,25739,27.2,17.2,6.65,20,100,20,30.2,11.4,35.7,15.7,0.053,4.4,20.9,0.04,9.9,3.28,2.71,15.7,6.1,9.8,11.9,1.3,3.6,21321,6.1,48.2,14.8,48.1,9.6,2.6,35.4,82.8,2,57842,4.5,14.6,50.1,49.9,39.7,46618,78.7,44755,75.5,38759,72.1,21.8,10636,18,99.7,97.7,77.7,59245,24.5,1288,2.2,289,14768,24.9,12600,21.3,8816,14.9,0,0,2545,4.3,31539,53.2,0.58,0.33,0.33,0.5,0.43,0.44,0.03,0.32,0.28,44570,7.1,"NC","North Carolina","Sampson",37,163,"59,601","44,966",19,"(16.0, 22.3)",19.8,"(16.6, 23.4)"
"5","050US37031",37031,0.3888,0.4547,0.2558,0.4057,0.4432,46.8,16.7,12.1,13.1,30470,0.4628,41628,42707,10,4.3,18.3,16.8,52,51615,101.7,39.6,31.04,20,64.52,31,52.4,20.2,23.6,7.3,0.004,12.1,25.5,0.01,10.4,2.69,2.16,17,2.7,10,13.2,0.7,5.4,31198,5.1,52.8,14.8,58.8,4.3,1.6,25.5,60.4,1.3,67436,4,17.6,51.1,48.9,50.1,58516,85.2,56945,82.9,50406,80.2,32.9,18051,26.3,95.8,94.2,87.3,68652,17.1,188,0.3,603,2998,4.4,3230,4.7,1427,2.1,15,0,3871,5.6,59550,86.7,0.54,0.59,0.37,0.82,0.76,0.81,0.03,0.13,0.1,56268,12,"NC","North Carolina","Carteret",37,31,"69,615","58,070",7.8,"( 5.9, 10.1)",8.7,"( 6.5, 11.4)"
"6","050US37183",37183,0.3621,0.2526,0.3229,0.7989,0.4257,30.8,16.1,11.8,9.3,611492,0.4486,58520,52949,7.9,4.2,10.6,2.7,79.2,481999,577.5,7.5,9.85,230,100,230,35.8,33.8,14.5,6.1,0.027,22.5,15.2,0.02,7.1,3.13,2.54,15.2,4.6,5.8,11.5,1.2,2.2,445636,6.7,51,23.6,54.3,4.9,3.3,35.5,92.5,1.4,1129867,1.7,9,51,49,37.2,914290,79.4,881746,76.6,758522,72.8,15.6,144054,12.5,96,93.6,78,1151009,23.4,3325,0.3,93193,221985,19.3,131104,11.4,55569,4.8,383,0,92986,8.1,683568,59.4,0.53,0.46,0.43,0.5,0.42,0.46,0.25,0.33,0.19,880615,5.7,"NC","North Carolina","Wake",37,183,"1,190,275","919,538",7.4,"( 5.7,  9.4)",7.4,"( 5.7,  9.4)"
"7","050US37119",37119,0.6115,0.5787,0.4747,0.8915,0.5135,35.7,16.3,11.5,10.3,616325,0.4935,51889,51490,10.4,4.2,10.1,1.5,98.6,491721,939.1,7.4,11.08,305,100,305,45,31.3,16.4,9.2,0.055,17.3,17.6,0.02,7.7,3.19,2.45,18.7,6,5.7,14.4,1.4,2.2,455494,7.3,41.5,17.9,47.4,6.2,3.7,41.8,92.6,1.6,1115618,1.6,8.3,51.7,48.3,35.4,898405,79.4,870043,76.9,755280,73.3,14.7,132281,11.7,93.5,90.7,74.2,1130906,23.1,4355,0.4,69579,344569,30.5,174580,15.4,88166,7.8,434,0,97368,8.6,526435,46.5,0.45,0.56,0.54,0.42,0.27,0.3,0.12,0.46,0.27,868562,5.3,"NC","North Carolina","Mecklenburg",37,119,"1,163,701","901,633",10.8,"( 8.5, 13.4)",10.7,"( 8.4, 13.4)"
"8","050US37087",37087,0.3646,0.5266,0.5441,0.2323,0.1702,49.7,21.2,15.1,11.1,28279,0.4286,40926,35580,11.3,3.4,23,16.7,51.9,35307,63.8,24.2,13.09,20,95.24,21,52.7,17.9,27.5,8.4,0.006,11.5,21.8,0.01,10.6,2.85,2.31,18,4,10.9,12.6,0.7,5.8,26772,6.2,49.9,12.4,55.3,6.9,2.6,28.9,75.8,1.6,61852,3.6,17.3,51.2,48.8,47.8,52795,84.6,51297,82.2,45492,79.7,30.6,15827,25.4,95.3,91.9,83.7,62432,17.8,361,0.6,255,624,1,2953,4.7,568,0.9,0,0,3271,5.2,57353,91.9,0.53,0.56,0.33,0.9,0.88,0.88,0.01,0.03,0.08,51235,9.7,"NC","North Carolina","Haywood",37,87,"62,969","52,105",9.3,"( 6.9, 12.2)",10.2,"( 7.5, 13.4)"
"9","050US37141",37141,0.5606,0.5294,0.4671,0.6204,0.573,50.1,24.6,12.3,12.6,28768,0.4343,43280,38296,10.7,6,13.3,22.8,46.6,31007,35.6,22.1,19.4,12,80,15,16.7,19.7,27.7,9.5,0.016,10.1,21.7,0.02,11.7,3.14,2.58,14.6,3.9,8.6,12.9,1.2,4.6,24152,7.5,52.3,20.3,52.3,6.4,2.6,29.9,77.9,2.3,62302,3.8,15.3,49.4,50.6,41.8,51050,80.4,49206,77.5,42622,73.8,22.4,11449,18,102.5,100,87.4,63475,22.5,209,0.3,437,7847,12.4,5402,8.5,3429,5.4,41,0.1,3432,5.4,48080,75.7,0.45,0.43,0.43,0.79,0.63,0.66,0.01,0.22,0.14,48722,9.7,"NC","North Carolina","Pender",37,141,"68,521","53,105",10.3,"( 8.1, 12.8)",10.5,"( 8.3, 13.1)"
"10","050US37021",37021,0.5994,0.5094,0.3691,0.4839,0.8409,46,19,16.5,11.7,131490,0.4759,40753,40879,11.8,3.5,17.2,12.1,84.4,132191,201.4,22.3,9.9,64,98.46,65,73.5,26.5,22.7,7.7,0.026,18.2,16.3,0.02,10.7,3.21,2.58,17.4,3.9,9.3,13.5,1.3,4.4,102672,6.4,46.9,14.9,46.1,7.4,7,38.9,77.7,1.2,264577,3.1,13.8,51.7,48.3,42.4,228572,84.1,222651,81.9,195569,78.3,24.7,56572,20.8,93.5,91.1,78.6,271790,18.1,565,0.2,3144,14702,5.4,22443,8.3,5800,2.1,95,0,21549,7.9,225935,83.1,0.45,0.51,0.44,0.8,0.72,0.72,0.03,0.14,0.17,222364,6.7,"NC","North Carolina","Buncombe",37,21,"275,901","227,608",9.1,"( 6.8, 11.9)",9.6,"( 7.0, 12.8)"
"11","050US37047",37047,0.937,0.952,0.8116,0.7951,0.846,56.8,23.9,13.6,15,19576,0.4746,37728,26755,18.8,4.7,29.2,29.7,70.9,23560,25.1,18.4,10.25,15,100,15,77.6,10.1,36.7,13.5,0.008,4.9,22.8,0.02,12.1,3.14,2.49,17.8,6.3,11.9,14.3,1.2,5.3,19227,4.2,43.9,14,44.3,8.3,2.7,36.6,81.6,2.6,47929,4.5,16.7,50.7,49.3,42.4,41313,81.9,40011,79.3,34654,75.5,24.9,10310,20.4,97.3,99.5,77.8,50453,20.7,1566,3.1,213,14472,28.7,2766,5.5,1539,3.1,22,0,2290,4.5,30351,60.2,0.67,0.25,0.4,0.56,0.54,0.6,0.02,0.35,0.12,39987,6.7,"NC","North Carolina","Columbus",37,47,"50,121","39,774",19.6,"(16.4, 22.9)",20.7,"(17.3, 24.4)"
"12","050US37039",37039,0.3729,0.7213,0.2482,0.2854,0.1333,45.7,23.2,13.7,17.7,11841,0.4319,36003,30800,14.6,5.4,20.9,20,36.2,18182,39.9,28.3,18.08,11,91.67,12,63.5,16.1,32.3,8.6,0.002,8.1,22.9,0.01,12.1,2.69,2.21,14.4,2.7,8,15.8,0.6,6.5,13042,3.8,51.4,8.8,56.9,8.2,3.1,24,71.7,1.9,28771,5.2,17.6,50.7,49.3,53.3,25139,86.1,24498,83.9,21806,81.6,36.7,9128,31.3,97.3,94.9,91.2,29197,16.1,470,1.6,156,449,1.5,1019,3.5,258,0.9,5,0,1226,4.2,26633,91.2,0.62,0.43,0.4,0.89,0.87,0.89,0.02,0.04,0.06,24468,11.3,"NC","North Carolina","Cherokee",37,39,"29,959","25,195",11.2,"( 8.4, 14.1)",12.7,"( 9.6, 16.0)"
"13","050US37171",37171,0.8005,0.8024,0.8797,0.4814,0.622,52.1,30.2,14.6,13.2,31960,0.4746,39064,31947,16.7,5,23.9,22.7,59.1,33609,63.1,12.6,16.68,22,95.65,23,97.5,13,28.5,17.3,0.023,6.4,23.3,0.03,10.4,2.91,2.4,16.5,5.2,10.2,12.6,1.1,5.1,29366,7,48.4,15.1,53.7,6.5,2.2,30.1,87.4,2.1,70340,3.7,18.6,51.3,48.7,43.7,58145,81.4,56306,78.9,48911,75.6,25.1,14719,20.6,95.1,94.5,80.2,71407,21.1,152,0.2,456,2680,3.8,8674,12.1,2354,3.3,39,0.1,4193,5.9,61533,86.2,0.61,0.37,0.37,0.76,0.79,0.75,0.04,0.07,0.19,56286,6.4,"NC","North Carolina","Surry",37,171,"71,462","56,528",14.1,"(11.0, 17.6)",15.2,"(11.7, 19.0)"
"14","050US37093",37093,0.8909,0.8384,0.9345,0.931,0.6535,50.9,19.7,16.7,12.6,19174,0.4864,36596,29575,17.4,7.4,14.4,21.8,76,20583,52.7,8.8,10.35,12,100,12,15.8,14.7,29,11.1,0.023,6.6,24,0.03,8.6,3.5,2.78,17.2,7.1,5.8,14,1.2,3.6,18763,6.3,45.3,19.8,47.9,8.2,3.4,36,91.2,4.1,52239,3.4,18.2,50.6,49.4,33.7,39870,75.1,38670,72.8,33774,69.4,14.4,6054,11.4,97.4,93.6,84.4,53102,27.2,3803,7.2,764,17797,33.5,8106,15.3,4160,7.8,7,0,4891,9.2,21680,40.8,0.5,0.22,0.18,0.34,0.35,0.36,0.03,0.35,0.17,35946,17.4,"NC","North Carolina","Hoke",37,93,"54,446","39,888",19.1,"(16.1, 22.3)",18.8,"(15.8, 22.0)"
"15","050US37105",37105,0.8953,0.8571,0.9666,0.8072,0.6112,53.7,31.5,10.2,10.4,29374,0.4268,39772,31394,15.5,4,19.7,14.3,86.3,26854,105.3,8.2,15.9,16,100,16,60.1,14.8,26.9,14.8,0.055,6.8,23.5,0.02,9.5,3.02,2.58,15.5,7.6,7.6,9.4,2,3.3,24659,7.5,47.8,16.6,52.6,6.1,3,32,91.8,2.1,63602,3.8,17.7,50.7,49.3,39.9,50932,78.9,49143,76.1,42414,72.4,21.6,10897,16.9,97.1,95,80.4,64565,23.9,86,0.1,793,11995,18.6,13590,21,3202,5,0,0,6081,9.4,42408,65.7,0.34,0.39,0.48,0.6,0.47,0.41,0.02,0.22,0.34,48894,7,"NC","North Carolina","Lee",37,105,"67,059","51,479",14.7,"(11.9, 17.6)",15.2,"(12.2, 18.3)"
"16","050US37173",37173,0.901,0.8581,0.832,0.7894,0.8788,53.2,15.3,14.4,7.9,5795,0.4522,38871,31040,21.1,8.3,23.9,25.3,66.1,8529,16.2,31.6,18.25,4,80,5,111.1,12.3,35.2,12.9,0.004,9,21.7,0.06,10.5,2.83,2.35,16.5,5.6,10,11.2,2.7,2.1,5837,7.3,44.5,13.2,52.6,7.2,2.2,31.7,68.4,1.1,13734,4.1,16.8,51.7,48.3,42.6,11323,80.5,10965,78,9611,74.5,24,2771,19.7,93.4,90.7,77.6,14065,22,4127,29.3,56,212,1.5,718,5.1,33,0.2,10,0.1,1026,7.3,8601,61.2,0.64,0.3,0.43,0.58,0.55,0.53,0.01,0.02,0.07,10965,5.7,"NC","North Carolina","Swain",37,173,"13,916","10,906",17.2,"(14.0, 20.7)",18.2,"(14.8, 21.9)"
"17","050US37015",37015,0.9586,0.9784,0.658,0.9446,0.9138,58.9,30.3,17.9,7.8,5959,0.4971,38283,27082,19.8,8.4,39.6,31,57.5,8988,12.9,21.9,7.88,5,100,5,59.4,11.1,35.6,18.1,0.008,6.8,20.5,0.03,8.4,2.89,2.26,21.6,6.6,13.6,11.4,1.2,5,7024,4.6,41.8,9.1,39.5,9,1.4,45.3,78.1,2.9,15901,3.9,24.8,48.2,51.8,45.9,15026,86,14619,83.6,13071,81,29.4,4245,24.3,107.3,105.9,75.3,17482,16.4,88,0.5,136,10498,60.1,379,2.2,206,1.2,1,0,490,2.8,6063,34.7,0.58,0.34,0.54,0.3,0.29,0.27,0.02,0.65,0.04,14619,7.4,"NC","North Carolina","Bertie",37,15,"16,922","14,112",24.9,"(20.8, 29.1)",26.7,"(22.1, 31.3)"
"18","050US37175",37175,0.4773,0.3764,0.4661,0.2959,0.7098,46.8,23,14.4,11.7,14317,0.4594,38491,38899,14.2,3.6,22,13.2,51.6,19147,50.6,23.8,16.88,12,100,12,34.5,23.9,23.9,6.1,0.006,14.7,21.9,0.03,9.8,2.69,2.2,17.2,4.5,11.8,11.9,0.8,5.7,14590,4.7,50.9,12.2,55.7,5.3,2.8,28.6,76.2,2.4,32092,3.5,14.5,51.6,48.4,51.9,28584,86,27983,84.2,25056,81,36.5,10247,30.8,93.9,92.3,87.5,33243,15.8,41,0.1,180,1302,3.9,1635,4.9,260,0.8,0,0,1785,5.4,29675,89.3,0.62,0.45,0.32,0.83,0.83,0.84,0.02,0.09,0.08,27981,11.2,"NC","North Carolina","Transylvania",37,175,"33,549","28,383",7.9,"( 5.8, 10.1)",9.1,"( 6.8, 11.9)"
"19","050US37055",37055,0.2071,0.3805,0.1384,0.4117,0.1422,44,19.2,9.3,12.6,18982,0.4228,41951,46784,7.5,5.9,17.1,5.3,51.4,34839,90.9,52.7,57.2,NA,0,10,56,29.4,22.3,4.7,0.014,13.4,21.3,0.03,10.9,2.7,2.26,14,3.9,9,13.3,1,6.1,16483,8.7,49.9,15,55.6,3.3,3,28.2,47.3,1.3,37323,4,10.6,50.9,49.1,48.5,31686,84.4,30732,81.9,27315,79.5,30.3,9108,24.3,96.6,94.6,92,37534,18.1,87,0.2,197,1052,2.8,2665,7.1,1399,3.7,22,0.1,2020,5.4,32757,87.3,0.49,0.71,0.28,0.85,0.77,0.82,0.02,0.12,0.11,30598,8.9,"NC","North Carolina","Dare",37,55,"38,110","31,485",6.4,"( 4.8,  8.4)",7,"( 5.2,  9.3)"
"20","050US37069",37069,0.6491,0.5819,0.7019,0.756,0.5107,47.3,26.1,10.9,13.5,33909,0.4162,44489,33957,10.1,5.5,16.2,23.2,54.1,30790,62.6,10.9,16.23,16,100,16,10.2,16.9,29.3,12.3,0.018,7.5,23.1,0.02,10.3,3.02,2.57,13.6,5.4,8.1,9.8,0.7,3.5,27442,6.3,55.2,20.8,54,5.1,1.6,31.1,89.1,1.5,70533,3.1,16.5,50.2,49.8,40.9,57832,80.4,56218,78.1,48690,74.6,20.8,12276,17.1,99,98.7,83,71962,21.9,269,0.4,582,17074,23.7,7637,10.6,4242,5.9,2,0,4466,6.2,45327,63,0.45,0.35,0.24,0.58,0.53,0.58,0.02,0.31,0.13,56107,8,"NC","North Carolina","Franklin",37,69,"77,001","60,292",13.2,"(10.6, 16.0)",13.6,"(11.0, 16.5)"
"21","050US37123",37123,0.7741,0.5705,0.9628,0.7537,0.5816,60.2,36.3,13.5,10.2,10907,0.4754,37472,30192,16.1,2.9,27.3,28.1,70.7,14930,30.4,32.5,15.06,10,100,10,25.2,12.8,33.6,16.1,0.035,6.5,19.4,0.02,10,2.92,2.49,13.4,7.6,9.9,11.3,0.3,3.6,10075,5.9,51,13.9,51.1,5.9,2.2,32.1,67.5,3,25047,3.8,18.6,50.9,49.1,43.6,21175,81.8,20481,79.2,17986,76.1,25.1,5645,21.8,96.6,96.4,87.6,25874,20.8,296,1.1,404,4318,16.7,4000,15.5,1445,5.6,0,0,2122,8.2,17289,66.8,0.71,0.4,0.58,0.55,0.5,0.45,0.07,0.27,0.31,20481,6.3,"NC","North Carolina","Montgomery",37,123,"26,085","20,705",15.8,"(12.9, 18.8)",17.1,"(13.9, 20.5)"
"22","050US37199",37199,0.5307,0.7089,0.6971,0.2109,0.2533,61.5,28,17.1,12.8,7579,0.4913,38960,34699,14.9,6,25.1,19.9,50.4,11317,36.2,27.6,20.31,4,80,5,32.1,15.1,35.1,11.9,0.011,7.9,20,0.02,8.8,2.77,2.26,16.3,4.4,11.9,12.2,1,4.8,8188,3.5,55.2,15.3,60.5,5.8,1.1,25.4,72.4,0.8,18516,4.6,19.9,50.5,49.5,47.9,15548,83.3,15232,81.6,13427,78.8,31.6,4946,26.5,97.9,94.4,84.5,18676,18.4,46,0.2,77,109,0.6,1051,5.6,467,2.5,0,0,709,3.8,17268,92.5,0.45,0.32,0.1,0.93,0.92,0.91,0.01,0.01,0.06,15222,6.9,"NC","North Carolina","Yancey",37,199,"18,938","15,582",11.4,"( 8.5, 14.5)",12.5,"( 9.2, 16.4)"
"23","050US37155",37155,0.9962,0.9828,0.9523,0.9758,0.9784,61.1,29.5,16.5,10.4,42751,0.5107,35262,22925,28.8,6.3,25.7,37.7,91.1,48874,51.6,12.5,8,35,100,35,56.3,9.6,34.9,21.2,0.025,5,19.3,0.04,8.2,3.35,2.65,16.9,9.6,8,14,1.6,4.1,42744,6,37.1,12.2,39.9,10.4,2.2,45,87.5,3.5,113390,3.5,17.8,51.8,48.2,36.5,90302,77.3,87020,74.5,74203,69.6,19.6,18490,15.8,93.2,90,75.8,116858,25.5,46281,39.6,954,27233,23.3,12216,10.5,9093,7.8,44,0,4224,3.6,29029,24.8,0.6,0.3,0.37,0.23,0.26,0.27,0.02,0.33,0.2,86892,6.5,"NC","North Carolina","Robeson",37,155,"117,365","86,828",29.8,"(26.1, 33.8)",30.9,"(27.0, 35.1)"
"24","050US37167",37167,0.6631,0.6169,0.769,0.5352,0.5549,55.8,29.6,15,11.7,28418,0.4464,41665,31623,14.2,4.1,25.4,12,63.3,28292,71.6,13.6,29.52,8,47.06,17,30.3,14.8,31.6,12.9,0.016,4.9,22.3,0.03,12,3.09,2.52,15.9,5.2,10.1,12.1,1,3.8,24436,7.5,49.2,16.7,50.4,7.6,1.8,32.8,86.4,1.3,61512,3.5,17.8,49.9,50.1,40.6,51303,80.7,49754,78.3,43371,74.9,23.2,12102,19,100.5,99.5,84.6,63557,21.7,177,0.3,1210,6998,11,3341,5.3,1666,2.6,213,0.3,2221,3.5,51072,80.4,0.53,0.48,0.42,0.76,0.64,0.74,0.06,0.26,0.09,49677,6.8,"NC","North Carolina","Stanly",37,167,"65,699","51,434",12.8,"(10.2, 15.6)",13.5,"(10.7, 16.6)"
"25","050US37161",37161,0.8072,0.7897,0.8584,0.4973,0.6958,57,27.7,14.2,10.9,27077,0.4655,35747,29217,17.6,5.5,23.5,16.5,59.2,32682,57.8,18.6,12.88,22,100,22,47.7,13.3,31.1,13.4,0.009,7.4,23.1,0.04,12.5,2.97,2.39,18.1,4.9,11.4,12.8,1.5,5.4,26589,5.6,45.9,13.2,50.9,7.2,2.9,28.6,81.4,3.7,63589,4.3,21.4,51.4,48.6,45.3,53207,82,51712,79.7,44815,76.5,26.7,14334,22.1,94.7,92.7,81.4,64850,20.3,153,0.2,342,5240,8.1,3533,5.4,1656,2.6,31,0,3627,5.6,53801,83,0.49,0.42,0.33,0.69,0.7,0.75,0.01,0.15,0.08,51712,8,"NC","North Carolina","Rutherford",37,161,"65,507","52,439",14.7,"(11.7, 18.1)",15.8,"(12.5, 19.7)"
"26","050US37065",37065,0.9605,0.966,0.901,0.9418,0.7773,59.1,26.6,15.6,12.5,20629,0.4566,38227,27235,21.9,8,22.9,22.4,99.8,23258,46,16,7.74,14,100,14,22.6,11.7,38.1,15.6,0.007,5,22,0.03,10.8,3.03,2.46,17.2,9.1,11.4,12.1,2,5.1,19533,8.5,37,9.7,42.9,10.8,1.9,39.1,84,3.3,48040,3.9,17.1,53.1,46.9,41.7,38996,79.9,37593,77.1,33156,73.9,24.5,9982,20.5,88.5,82,73.1,48777,22.9,178,0.4,123,27272,55.9,2838,5.8,995,2,55,0.1,1695,3.5,18459,37.8,0.69,0.45,0.53,0.61,0.26,0.33,0.02,0.66,0.21,37544,7.5,"NC","North Carolina","Edgecombe",37,65,"48,832","37,653",24.8,"(20.5, 29.3)",26.3,"(21.8, 31.1)"
"27","050US37041",37041,0.7394,0.6806,0.8769,0.7814,0.4594,52,19.7,19,12.4,6094,0.458,36389,33974,20.5,5.9,24.7,19.9,62.9,7169,41.5,16.5,21.2,3,75,4,28,14.2,35.1,12.6,0.007,10.3,17.5,0,9.6,2.76,2.26,17.1,6.9,10.6,12.5,1.8,4.8,5989,4.6,48.6,12.9,54.2,4,0.7,27.6,83.5,2.8,13552,5.7,14.9,51,49,47.9,11394,82.5,11119,80.5,9896,78.2,31.7,3770,27.3,96.2,91.9,89,13814,19.5,14,0.1,10,4593,33.2,534,3.9,376,2.7,0,0,502,3.6,8319,60.2,0.65,0.32,0.52,0.61,0.55,0.69,0,0.42,0.1,11119,9.6,"NC","North Carolina","Chowan",37,41,"13,891","11,123",17.9,"(14.7, 21.7)",19.6,"(15.9, 23.6)"
"28","050US37149",37149,0.3583,0.3121,0.4578,0.4165,0.413,50.9,24.5,19.2,10.5,8701,0.479,36437,38444,13.7,4.3,23.7,11.5,45,10949,46.1,20.3,8.52,8,100,8,29.6,20.3,27.2,8.1,0.009,12.6,21.4,0.03,9,2.8,2.22,20.5,2.6,14.5,12.1,0.5,4.9,8727,5.5,52.3,13.4,60.5,4.5,1.9,23.5,79.7,1.7,19341,5.3,17.4,52.4,47.6,54.4,16984,86.3,16623,84.4,14752,81.4,36.9,6312,32.1,90.7,88.5,77.4,19689,15.6,46,0.2,20,1002,5.1,1075,5.5,120,0.6,0,0,1232,6.3,17269,87.7,0.88,0.31,0.48,0.95,0.86,0.8,0.01,0.08,0.13,16623,8.8,"NC","North Carolina","Polk",37,149,"20,060","17,006",8.8,"( 6.6, 11.3)",10.2,"( 7.7, 13.0)"
"29","050US37113",37113,0.4906,0.6195,0.6351,0.3592,0.2288,53.1,20,10.3,11.4,16315,0.4875,37499,35682,14.4,2.9,18.7,16,46.8,27070,52.5,33.2,29.63,5,50,10,21.3,15.7,30.6,9.9,0.024,8.8,24,0.02,11.9,2.56,2.06,19.8,3.5,12.6,13.8,0.7,4.8,18090,4.6,49.8,13.6,61.8,3.3,2.1,22.1,66.8,1.3,37201,2.9,16.1,50.8,49.2,50.1,31622,84.3,30756,81.9,27827,80,33.6,10832,28.9,96.8,93.6,86,37533,18.1,108,0.3,348,446,1.2,3634,9.7,1840,4.9,0,0,1520,4,33271,88.6,0.39,0.59,0.26,0.89,0.84,0.83,0.02,0.03,0.13,30716,9.7,"NC","North Carolina","Macon",37,113,"38,412","31,394",10.9,"( 8.4, 13.9)",12.3,"( 9.5, 15.6)"
"30","050US37007",37007,0.9529,0.9736,0.8034,0.8969,0.8256,68.2,41.6,13.4,8.2,8452,0.4509,30634,23702,21.2,6.9,27.1,25.9,89.5,9932,18.7,16.3,13.22,9,100,9,6.8,8.2,43.3,17.6,0.007,2.7,18,0.02,11.6,3.15,2.4,18.5,7.9,12.2,15.5,1,5.8,8314,7.1,35.9,11,37.9,7.3,2,43.3,83.7,2.5,19987,4.6,21.7,50,50,42.4,18094,82.6,17466,79.7,15397,76.7,23.2,4362,19.9,100,102.7,78,21903,20.3,82,0.4,339,10346,47.2,799,3.6,340,1.6,6,0,866,4,9924,45.3,0.68,0.25,0.32,0.36,0.41,0.48,0.05,0.5,0.06,17452,7.9,"NC","North Carolina","Anson",37,7,"21,897","17,493",25.5,"(21.7, 29.8)",26.6,"(22.5, 30.9)"
"31","050US37023",37023,0.7079,0.7149,0.6793,0.5148,0.6249,59.8,30.6,16.6,11.5,39896,0.4448,37480,31184,17.9,4.8,25,18.8,60.3,40058,79.1,10.4,9.22,21,100,21,67.5,12.8,33.1,14.9,0.015,7.3,19.7,0.02,9.2,2.82,2.37,16.5,4.6,9.8,10.6,1.1,4.3,35873,6.3,49.7,14.9,52.3,6.7,2.1,33,89.6,2.1,85084,3.3,19.8,50,50,44.9,73611,83.8,71558,81.4,62411,78.1,25.4,18659,21.2,100,99.1,83.4,87863,18.6,889,1,2953,5320,6.1,7229,8.2,3889,4.4,38,0,3508,4,71266,81.1,0.31,0.46,0.49,0.82,0.68,0.66,0.06,0.11,0.18,71531,6.4,"NC","North Carolina","Burke",37,23,"88,338","72,201",13.6,"(10.7, 16.8)",14.5,"(11.4, 18.1)"
"32","050US37121",37121,0.5689,0.5437,0.629,0.2444,0.658,59.9,25.9,19,8.2,6633,0.4613,40611,32713,13,6.5,32,16.3,48.6,8673,39.2,26.1,7.93,4,100,4,78.1,13.5,29.7,10.3,0.011,9.6,24.6,0.01,13.3,2.85,2.27,21.2,4.2,13.3,11.3,0.6,6.3,6411,4.1,50.4,15.6,59,4.1,2,24,73.9,0.6,14553,3.1,20.1,50.7,49.3,48,12625,84.3,12295,82.1,10758,78.8,30.6,3812,25.5,97.1,95.9,81.2,14973,17.9,53,0.4,63,118,0.8,790,5.3,370,2.5,0,0,575,3.8,13794,92.1,0.05,0.32,0.28,0.91,0.89,0.89,0,0.01,0.07,12295,7.9,"NC","North Carolina","Mitchell",37,121,"14,999","12,283",9.4,"( 7.1, 11.9)",10.3,"( 7.7, 13.1)"
"33","050US37127",37127,0.8902,0.8403,0.741,0.881,0.8804,52.6,28.8,12.7,12.2,42722,0.4504,41750,33336,14,6.2,20.4,16,85.1,43537,80.6,12.4,8.42,25,100,25,67.5,14.7,33.2,13.6,0.01,7.1,20.2,0.03,10.5,3.05,2.46,16.7,7,9.6,14.5,0.9,4.9,38123,6.4,42.5,13.6,46.8,8.5,1.8,36.7,87.6,3.1,93596,2.9,14.9,51.8,48.2,41.6,76902,80.6,74362,77.9,65126,74.7,22.7,18090,19,93.1,90.9,77.8,95451,22.1,622,0.7,817,38787,40.6,7578,7.9,4997,5.2,12,0,4215,4.4,46001,48.2,0.55,0.34,0.51,0.43,0.4,0.46,0.02,0.5,0.2,74269,7.5,"NC","North Carolina","Nash",37,127,"96,551","75,392",17.1,"(14.1, 20.3)",18.1,"(14.9, 21.5)"
"34","050US37099",37099,0.7862,0.8174,0.2899,0.5352,0.9386,52.3,15.2,13.8,12.6,19483,0.4884,34406,32937,19.3,6.4,20.1,16.2,83.4,27385,55.8,33.7,11.88,9,100,9,37.4,17.3,29.8,10.2,0.021,12.7,19.7,0.03,13.8,2.7,2.17,18.4,4.6,8.4,13.9,0.8,3.9,18164,8.1,41.1,9.1,41.5,4.8,6.5,40.6,66.3,1.8,39406,2.3,12.8,50.7,49.3,38.9,36848,85.5,35903,83.3,29078,73.4,24.5,8799,20.4,97.3,94.8,82.6,43089,16.7,3119,7.2,508,1021,2.4,3310,7.7,1194,2.8,3,0,2994,6.9,34250,79.5,0.57,0.43,0.32,0.76,0.77,0.74,0.03,0.04,0.1,35847,8.5,"NC","North Carolina","Jackson",37,99,"44,574","37,282",11.5,"( 9.1, 14.4)",13.1,"(10.3, 16.1)"
"35","050US37115",37115,0.35,0.3573,0.118,0.1654,0.7483,54.6,21.3,12.2,14.7,9949,0.476,41456,33738,11.4,2.6,26.4,22.6,41.9,11201,24.9,25,6.63,7,100,7,10.6,21.1,33,9.2,0.002,10.3,18.5,0.02,12.3,3.09,2.46,18.1,2.4,10.6,13.3,2.4,7.2,8399,4.1,52,16,51,6.3,2.2,31.8,75,2,20676,3,18.6,50.3,49.7,44.5,18545,85.7,17846,82.5,15251,76.7,27.4,5005,23.1,98.7,96.7,83.4,21640,17.5,16,0.1,94,223,1,759,3.5,205,0.9,20,0.1,1167,5.4,19915,92,0.52,0.44,0.36,0.88,0.94,0.89,0.01,0.02,0.06,17826,7.5,"NC","North Carolina","Madison",37,115,"22,071","18,349",9.2,"( 6.8, 11.9)",10,"( 7.5, 13.1)"
"36","050US37079",37079,0.9863,0.9745,0.8272,0.8883,0.985,60.8,31,13.7,11.6,8055,0.3958,33926,22474,22.4,5.6,24.3,37.9,93.5,7909,29.7,13.6,6.53,5,100,5,21.6,8.7,33.4,22.2,0.022,3.5,21.3,0.03,12,3.32,2.59,18.5,7,10.8,15.6,1.3,5.4,6831,7.9,38.2,14.7,33.7,9.1,3.4,47.7,86.4,3.1,17669,3.5,19.6,42.5,57.5,39.6,16993,83.2,16557,81.1,14408,76.6,20.6,3460,16.9,135.2,141.3,79.5,20421,18.9,132,0.6,5,6570,32.2,3077,15.1,1103,5.4,10,0,2530,12.4,10071,49.3,0.79,0.15,0.17,0.41,0.45,0.47,0,0.34,0.18,16531,5.1,"NC","North Carolina","Greene",37,79,"20,530","16,688",23.1,"(19.4, 27.0)",23.5,"(19.7, 27.4)"
"37","050US37147",37147,0.9001,0.8721,0.5282,0.8524,0.9679,49.6,17.4,19.3,10.8,80980,0.4799,40811,34229,19.4,7.6,12.5,11,101.4,81656,125.2,10.1,10.46,42,100,42,94.3,19.7,24.7,9.1,0.016,14.2,19.6,0.02,8.6,2.87,2.26,17.8,7.8,6.3,13.5,1.1,3.3,73404,7.8,35.5,13.6,43.9,5.3,5.6,43.3,89.9,2.5,166162,1.8,14.8,53,47,33.6,139582,81,135229,78.5,113125,71.2,17.7,24612,14.3,88.7,85,75.5,172279,21.5,649,0.4,3077,60469,35.1,13263,7.7,8719,5.1,73,0,8049,4.7,91243,53,0.44,0.36,0.38,0.51,0.43,0.48,0.04,0.44,0.13,134568,7.1,"NC","North Carolina","Pitt",37,147,"175,119","137,875",15.8,"(12.8, 19.2)",16.9,"(13.8, 20.3)"
"38","050US37089",37089,0.4286,0.4365,0.5959,0.4913,0.2806,50.6,22.6,15.7,13.5,54099,0.4482,38282,38976,11.7,3.3,14.6,14.7,58.5,57338,153.8,12.1,6.86,30,100,30,35.9,22.3,24.6,8.9,0.03,12.8,21.1,0.02,9.7,2.76,2.3,16.2,4.2,10.2,11.1,0.8,4.3,50423,5.4,53.7,15.1,59.7,4.8,2.3,26,87.9,1.6,115975,3.1,15,51.6,48.4,47.2,97888,83.4,95109,81,84889,78.8,30.1,30552,26,93.7,91.5,81.6,117387,19,679,0.6,1520,3842,3.3,15034,12.8,5460,4.7,143,0.1,6977,5.9,98766,84.1,0.55,0.4,0.38,0.78,0.74,0.72,0.04,0.06,0.21,95103,8.2,"NC","North Carolina","Henderson",37,89,"119,230","97,324",8.8,"( 6.6, 11.4)",9.8,"( 7.2, 12.6)"
"39","050US37027",37027,0.6503,0.7257,0.6981,0.4018,0.4808,54.2,30.2,11.9,11.6,36860,0.4281,40295,30811,12.7,4.8,27.2,16.4,62,37231,78.9,12,9.69,19,100,19,37,13,31.7,17.2,0.012,5.6,21.9,0.02,13.6,2.98,2.43,15.7,4.8,9.4,13.4,1.8,5.6,32766,5.5,47,15.2,50.1,7.1,2.4,30.2,88,2.4,79664,3.6,18.6,50.1,49.9,45.5,66493,82.5,64579,80.1,55995,77.1,25.9,17060,21.2,99.4,97.6,86.6,80618,19.9,72,0.1,403,3319,4.1,5160,6.4,3071,3.8,81,0.1,3826,4.7,69846,86.6,0.59,0.54,0.4,0.71,0.72,0.74,0.02,0.11,0.13,64523,7.1,"NC","North Carolina","Caldwell",37,27,"80,574","64,820",13,"(10.1, 16.2)",13.9,"(10.6, 17.5)"
"40","050US37133",37133,0.7948,0.7585,0.6793,0.7213,0.7499,46.6,15.8,11.9,14.4,69573,0.416,37774,30998,11.7,5.8,10.1,12,97,85917,112.7,15.6,13.14,45,100,45,48.6,17.9,29.8,6.8,0.007,8.2,26,0.02,6.7,3.03,2.57,11.5,5.5,4.7,11.3,1.6,2.8,72516,5.7,56.3,25.2,48.6,4.4,2.4,40.6,84.4,2.5,186381,1.6,16.6,44.2,55.8,27.1,162454,77.9,157766,75.7,132539,67.3,12.1,20307,9.7,126.1,134.3,82.1,208537,24.3,1629,0.8,3809,26157,12.5,28739,13.8,5509,2.6,248,0.1,26791,12.8,144394,69.2,0.4,0.3,0.32,0.59,0.59,0.59,0.04,0.17,0.18,117637,21.8,"NC","North Carolina","Onslow",37,133,"213,676","160,933",11.9,"( 9.6, 14.3)",12.8,"(10.4, 15.3)"
"41","050US37067",37067,0.8126,0.7652,0.6825,0.8291,0.7436,46.2,20.2,17.9,10.7,180907,0.4735,42386,37375,14.7,5.3,16.7,3.3,81,173220,424.7,10.1,10.18,86,90.53,95,88.1,22.6,24.1,10,0.028,14.3,19.9,0.02,8.4,3.1,2.42,19,7,8.5,13.2,1.2,3.3,155743,6.5,43.3,15.3,48.7,5.8,2.2,38.5,89.9,2.1,376338,2.3,12.6,52.4,47.6,38.3,309270,80,298526,77.2,254746,72.3,20.5,64234,16.6,90.7,87.4,75.8,386740,22.8,1530,0.4,9171,98592,25.5,56553,14.6,22254,5.8,282,0.1,29868,7.7,225043,58.2,0.41,0.51,0.47,0.61,0.36,0.41,0.05,0.41,0.24,297747,6.2,"NC","North Carolina","Forsyth",37,67,"392,921","304,926",13.2,"(10.8, 16.3)",13.8,"(11.1, 17.0)"
"42","050US37193",37193,0.707,0.8164,0.6491,0.3917,0.5272,58.3,27.3,13.6,14.2,28715,0.4192,35494,27866,16.4,4.9,27.4,23.5,60.7,31744,42.1,15,13.5,17,94.44,18,39.5,11.6,32.4,18.1,0.007,5.1,21.1,0.02,10.3,2.88,2.41,15.2,4.2,9.1,11.9,1,4.5,26975,7.1,50.8,17,54.3,5.4,2.5,28.9,85,1.7,65003,4.8,18.2,50.3,49.7,45.3,54290,82.3,52780,80,46094,76.6,26.7,14981,22.7,98.7,97.2,81.1,65983,20,150,0.2,385,2461,3.7,4785,7.3,1814,2.7,79,0.1,3533,5.4,57561,87.2,0.81,0.5,0.36,0.8,0.77,0.81,0.05,0.1,0.12,52609,6.4,"NC","North Carolina","Wilkes",37,193,"66,013","52,999",13.6,"(10.8, 16.8)",14.7,"(11.5, 18.2)"
"43","050US37111",37111,0.7518,0.6421,0.7502,0.3847,0.861,61.8,35.5,15.1,12.1,18679,0.4286,40374,29555,14,4.7,24.4,25.1,57.5,21475,48.8,14.1,24.94,10,83.33,12,40.4,12.2,35,13.9,0.015,5.4,20.4,0.02,10.6,2.8,2.34,14.3,4.6,8,10.9,0.9,3.7,18445,4.9,52.8,17,54.3,7,1.9,29,85.9,2.5,43218,3.7,17.3,49.8,50.2,44.3,36835,82.4,35861,80.3,31393,77,25.9,9257,20.7,100.9,98.1,83.9,44679,19.7,197,0.4,483,1730,3.9,3028,6.8,937,2.1,0,0,1809,4,39523,88.5,0.68,0.39,0.46,0.76,0.85,0.78,0.05,0.07,0.15,35861,7.7,"NC","North Carolina","McDowell",37,111,"44,893","36,301",12.5,"( 9.6, 15.5)",13.4,"(10.3, 16.5)"
"44","050US37117",37117,0.9306,0.9275,0.959,0.8641,0.6586,57.3,25,19.6,8.7,9263,0.4295,35417,27007,19.6,7,26.7,22.4,71.4,11100,24.3,15.7,10.31,6,100,6,18.3,11,31.3,16.7,0.009,4.2,25.3,0.02,9.9,2.91,2.31,19.9,6.2,12.9,14.1,0.5,6.6,9361,5.5,39.8,11.6,48.3,8.8,3,30.6,84.3,3.9,21610,7.3,20.5,53.7,46.3,46.7,17874,82.1,17351,79.7,15373,76.8,29.5,5444,25,86.1,83.9,78.4,21773,20.3,15,0.1,124,8934,41,939,4.3,299,1.4,24,0.1,1138,5.2,11239,51.6,0.84,0.19,0.51,0.46,0.49,0.45,0.03,0.43,0.08,17348,7,"NC","North Carolina","Martin",37,117,"21,447","17,125",19.9,"(16.4, 23.7)",21.6,"(17.9, 25.8)"
"45","050US37059",37059,0.4057,0.3665,0.5523,0.4658,0.3668,50.6,29.2,13.4,12.1,20074,0.4211,43804,39128,10,4.5,24,16.6,44.5,19079,72.4,11.6,10.25,10,100,10,33.7,18,31.7,9.3,0.014,8.8,22.3,0.01,9,3.08,2.56,15.7,1.6,9.6,11.4,2,4.3,16873,3.9,55.3,18.6,56.9,6.8,2.5,29.4,88.4,1.3,43167,3.4,17.5,50.9,49.1,45,35731,82.1,34376,79,30001,76.1,26.1,9470,21.8,96.5,92.3,82.6,43526,21,175,0.4,308,1734,4,3493,8,1232,2.8,0,0,3408,7.8,36669,84.2,0.45,0.19,0.32,0.87,0.8,0.76,0.02,0.05,0.12,34320,8.6,"NC","North Carolina","Davie",37,59,"44,599","35,409",9,"( 7.0, 11.5)",9.8,"( 7.5, 12.4)"
"46","050US37103",37103,0.6736,0.7973,0.2654,0.7598,0.5695,56,24.1,17.7,11.3,3863,0.4276,38523,28699,21.3,4.1,28.4,31.7,50.6,4675,9.9,16.3,18.26,3,100,3,7.9,14.2,37.9,13.6,0.001,3.6,22,0.02,10.3,2.87,2.32,18.3,4.5,11.1,12.5,0.5,4,3915,4.3,46.9,12,56.7,10.7,3,25,83.7,3.7,9102,4.3,21.8,50.5,49.5,48.1,7749,83.8,7545,81.6,6663,78.5,29.6,2202,23.8,98,94.6,83.2,9245,18.4,55,0.6,67,2523,27.3,441,4.8,53,0.6,0,0,690,7.5,5857,63.4,0.23,0.28,0.16,0.66,0.59,0.66,0.01,0.32,0.06,7537,12.1,"NC","North Carolina","Jones",37,103,"9,401","7,647",19.5,"(16.1, 23.3)",20.6,"(17.0, 24.5)"
"47","050US37053",37053,0.0862,0.2409,0.196,0.4248,0.0134,43.5,18.9,10.1,13.4,14846,0.4054,51569,44165,7.6,2.9,15.5,10.2,28.5,16636,63.5,30.9,40.62,2,20,9,10.8,20.5,33.4,6.1,0.005,8.8,22.3,0.01,8.7,2.95,2.57,10.9,4.7,7.8,9.5,1.4,3.4,11497,6.1,60.9,19.8,60.4,5.3,2.5,26,69.1,1.6,29520,3.4,12.2,49.6,50.4,41.7,23723,80.1,23058,77.9,20008,75.2,21.3,5106,17.2,101.5,99.7,88.3,29612,22.1,50,0.2,300,1509,5.1,1444,4.9,692,2.3,0,0,1701,5.7,25360,85.6,0.27,0.27,0.28,0.84,0.81,0.82,0.01,0.07,0.07,22521,16.2,"NC","North Carolina","Currituck",37,53,"31,593","24,619",7.7,"( 5.9,  9.8)",7.9,"( 5.9, 10.1)"
"48","050US37177",37177,0.854,0.819,0.7945,0.8075,0.7531,60.4,25.4,12.6,9.7,1168,0.4201,29863,22294,20.8,5.1,21.8,34,47.1,2004,5.1,28.8,23.35,1,100,1,5.5,9.3,40.8,19.4,0.027,5.5,20.5,0.01,11.6,2.32,1.99,15.8,4.6,10,11.8,0.6,6.6,1426,2.7,49.7,20.7,48.2,2.7,1.4,33.3,71.2,1.9,2835,5,22.7,47.9,52.1,46,2832,83.9,2816,83.4,2574,82.5,28.3,862,25.5,108.8,113.2,85.4,3376,16.6,6,0.2,29,1103,32.7,337,10,188,5.6,0,0,147,4.4,1903,56.4,0,0,0,0.54,0.54,0.54,0.01,0.32,0.1,2816,6,"NC","North Carolina","Tyrrell",37,177,"3,461","2,772",19.6,"(16.2, 23.1)",20.8,"(17.1, 24.3)"
"49","050US37165",37165,0.9959,0.9857,0.8225,0.9135,0.9981,61.4,30.2,12.5,11,13133,0.5291,33424,27678,26.6,10.1,26.3,27.6,109.6,14421,45.2,14.2,8.68,9,100,9,80,9.3,36.1,17.6,0.013,5.5,20.8,0.05,11.4,3.24,2.6,16.6,9.4,9.8,15.5,1.7,5,12376,4.8,36.3,10.6,37.3,9.7,5,45.7,85.8,2.7,32210,3,17.9,48.4,51.6,38.3,27382,79.7,26619,77.5,23079,73.3,21.4,6134,17.9,106.5,106.6,76.2,34353,22.5,3919,11.4,348,12973,37.8,1272,3.7,686,2,0,0,2333,6.8,14094,41,0.75,0.31,0.32,0.34,0.35,0.43,0.03,0.45,0.06,26609,6.6,"NC","North Carolina","Scotland",37,165,"34,376","26,528",27.4,"(23.4, 31.5)",28.5,"(24.3, 32.7)"
"50","050US37017",37017,0.8326,0.86,0.7709,0.8352,0.5848,58,28.5,14.6,11.3,11332,0.5117,40218,28970,21.2,4.3,27.9,32.2,70.5,15272,17.5,23.8,13.84,11,100,11,21.9,14.6,33.4,11.4,0.015,6,22.4,0.01,11.1,3.38,2.5,21.3,6.9,12.9,15.4,0.8,5.6,11635,4.9,41.6,12.4,45.9,7.9,1.8,36.1,76.2,2.8,29137,4.1,15.5,51.7,48.3,44.8,24145,81.6,23485,79.4,20375,75,26.6,6858,23.2,93.4,89.6,81.4,29591,20.6,960,3.2,61,9928,33.6,2650,9,1668,5.6,0,0,726,2.5,16248,54.9,0.85,0.26,0.17,0.48,0.49,0.58,0.01,0.39,0.11,23454,9.3,"NC","North Carolina","Bladen",37,17,"29,484","23,400",19,"(15.8, 22.4)",20.4,"(16.8, 24.2)"
"51","050US37143",37143,0.5921,0.7175,0.7451,0.6567,0.1858,50.5,21.5,14.2,9.7,5068,0.4118,43611,33626,11.4,5,19.6,24.1,64.7,6918,28,19.3,36.88,1,25,4,19.6,12.1,31.6,13.3,0.005,8.3,25.4,0.02,7.1,2.91,2.34,16.3,4.1,10.1,14.4,1.8,6.9,5580,3.5,50,9.6,55.2,7.2,0.9,28.3,80.7,4.2,13052,5.2,23.6,51.7,48.3,50.5,11064,84.2,10677,81.2,9302,76.9,36.1,3732,28.4,93.4,92,90.5,13146,18.8,5,0,106,2861,21.8,391,3,309,2.4,2,0,620,4.7,9243,70.3,0.52,0.26,0.34,0.74,0.64,0.61,0.02,0.27,0.05,10662,11.1,"NC","North Carolina","Perquimans",37,143,"13,377","10,937",12.7,"(10.5, 15.7)",14.2,"(11.4, 17.4)"
"52","050US37139",37139,0.7626,0.7324,0.6001,0.8473,0.6774,48.5,18.9,13.9,10,17573,0.4318,41591,32707,10,6.6,16.8,12.2,80.6,17565,77.4,12.4,30.92,5,50,10,47.1,17.8,28.4,10,0.003,9.1,24.2,0,8.9,2.96,2.51,15.1,6.5,8.3,11.6,2,3.9,15394,4.6,50.1,17,51.3,4.9,4,36.3,87.6,0.8,38571,2.7,15.1,50.9,49.1,39,32906,80.6,32008,78.4,27807,73.6,21.7,7382,18.1,96.5,93.4,73.7,40830,21.6,160,0.4,504,14361,35.2,2401,5.9,670,1.6,113,0.3,2331,5.7,22691,55.6,0.45,0.27,0.37,0.51,0.48,0.44,0.03,0.4,0.1,31318,11.5,"NC","North Carolina","Pasquotank",37,139,"41,444","32,807",13.8,"(11.2, 16.6)",14.5,"(11.6, 17.5)"
"53","050US37107",37107,0.9984,0.971,0.9975,0.8794,0.9774,61.3,28.4,21.4,9.8,22641,0.4669,35802,28409,22.5,7.2,24.4,21.9,90.7,26767,67.1,14.3,2.75,17,100,17,48.3,10.3,32.7,17.5,0.017,5.5,21.8,0.03,10.5,3.02,2.34,18.2,8.9,10,17.3,0.5,6.8,22930,6.7,36.3,11.4,43.6,7.5,3.2,39.4,85.7,1.8,53692,4.8,23,52.3,47.7,42.2,44119,80.3,42457,77.3,37290,74.1,25,11576,21.1,91.3,87.9,73.6,54917,22.7,151,0.3,440,21799,39.7,4620,8.4,2093,3.8,59,0.1,2596,4.7,27779,50.6,0.7,0.43,0.28,0.43,0.34,0.56,0.03,0.55,0.13,42318,8.8,"NC","North Carolina","Lenoir",37,107,"54,895","42,399",24.5,"(20.3, 28.6)",25.9,"(21.7, 30.5)"
"54","050US37013",37013,0.8066,0.8654,0.8451,0.7156,0.447,53.9,28.6,13.7,10.8,19343,0.4669,37883,33912,18,5.4,23.1,23,64.4,24385,29.3,21.7,15.36,11,84.62,13,44.4,13.1,31.7,11.9,0.017,7.5,24.4,0.02,8.6,2.8,2.31,16.2,6.4,10.1,11.5,1,4.2,19103,4.8,49.2,11.7,55.9,7,2,29.6,78.3,1.8,44073,4.1,16.7,52.5,47.5,47.1,37036,83,35948,80.6,32198,78.3,30.1,11130,25,90.6,89.7,84.3,44597,19.4,41,0.1,135,10181,22.8,3482,7.8,974,2.2,7,0,2561,5.7,30698,68.8,0.59,0.39,0.33,0.62,0.55,0.63,0.01,0.34,0.12,35940,9.2,"NC","North Carolina","Beaufort",37,13,"44,481","35,939",15.1,"(12.2, 18.1)",16.7,"(13.6, 20.0)"
"55","050US37101",37101,0.5294,0.4683,0.6102,0.7261,0.4152,48.1,25.4,11.9,11.6,111330,0.4225,48323,36673,11.2,3.9,14.1,14,57.4,88314,111.5,6.8,10.72,53,100,53,27.8,20,27.5,10.5,0.031,7.7,21.4,0.03,8.7,3.21,2.73,12.8,4.4,6.7,9.5,1.5,2.7,82293,6.2,57.7,25.9,56.6,6.1,1.9,30.4,93.2,1.8,224738,2.4,13,50.7,49.3,38.3,176331,77.8,169671,74.9,145243,71.4,17,30615,13.5,97.4,95.4,79.2,226623,25.1,1604,0.7,1785,37620,16.6,36811,16.2,18230,8,116,0.1,16240,7.2,151028,66.6,0.47,0.33,0.28,0.66,0.56,0.58,0.02,0.23,0.21,169434,8.2,"NC","North Carolina","Johnston",37,101,"241,955","182,582",11.7,"( 9.4, 14.3)",11.8,"( 9.4, 14.5)"
"56","050US37035",37035,0.6818,0.6055,0.6312,0.6249,0.7016,50.9,32.9,12,11.4,76978,0.4636,42516,36025,12.8,4.2,21.2,12.8,64.5,72028,179.4,9.5,4.6,34,100,34,92.9,17.7,28.8,12.5,0.02,7.3,21.3,0.02,9.3,2.95,2.45,15.1,4.8,8.9,12.4,1.3,4.2,65201,7.1,49.3,16.4,53.7,6.4,2.5,32.3,90.5,1.6,159441,3,13.9,50.8,49.2,41.8,131295,81,126620,78.1,109362,74.6,22.3,29857,18.4,96.7,94.8,80.2,162051,21.9,772,0.5,6703,12975,8,17954,11.1,6849,4.2,65,0,11841,7.3,122846,75.8,0.41,0.38,0.33,0.67,0.64,0.66,0.07,0.15,0.18,126497,6.4,"NC","North Carolina","Catawba",37,35,"164,645","129,398",11.1,"( 8.8, 13.6)",11.8,"( 9.3, 14.7)"
"57","050US37019",37019,0.2275,0.3535,0.1244,0.504,0.2004,45.6,20.3,13.6,13.5,58884,0.4461,42625,44565,9.4,5.2,11.8,18.1,37.1,93977,110.5,31.4,11.64,43,100,43,36.3,21.1,26.2,6.7,0.005,12.1,22,0.02,8.4,2.65,2.25,15.7,2.7,9.2,9.3,0.6,4.4,64436,5.9,57.6,10.9,64.4,5.9,2,22.6,68.6,1,144961,3.5,15.3,51.9,48.1,56.1,127378,87.3,124942,85.6,113503,83.4,40.1,48517,33.3,92.8,90.5,90.7,145889,14.4,506,0.3,908,11808,8.1,8037,5.5,3393,2.3,44,0,9107,6.2,120123,82.3,0.46,0.44,0.43,0.81,0.7,0.71,0.01,0.15,0.1,124780,11.2,"NC","North Carolina","Brunswick",37,19,"159,964","137,936",7.9,"( 6.0, 10.2)",9.2,"( 7.1, 11.8)"
"58","050US37029",37029,0.2523,0.2561,0.6032,0.546,0.1021,35.4,12.3,12.9,11,5053,0.3793,49602,38350,5,4.9,17,12.6,38,4226,17.6,6.6,23.71,1,50,2,0.6,18.4,30.9,7,0.002,7.3,23.1,0,7.3,3.17,2.71,10.5,2.4,5.9,10.3,3.2,3.8,3948,3.9,63.7,28.1,63,4.6,0.9,26.3,93.4,0.9,10714,2.5,14.5,50.6,49.4,40.9,8301,77.3,8135,75.7,7162,72.3,19.6,1714,16,97.6,98.4,79.3,10743,24.3,29,0.3,77,891,8.3,419,3.9,284,2.6,25,0.2,901,8.4,8536,79.5,0.12,0.05,0.21,0.78,0.79,0.77,0.01,0.08,0.04,8013,15.6,"NC","North Carolina","Camden",37,29,"11,137","8,653",7.9,"( 6.2,  9.7)",8,"( 6.3,  9.9)"
"59","050US37061",37061,0.9144,0.9058,0.9749,0.8683,0.5549,61.2,36.4,12.3,10,21983,0.4295,36613,27599,17.9,4.7,24.6,31.5,71.3,23823,29.2,15.6,7.29,21,100,21,24.3,12.6,30.7,18.1,0.065,4.9,22.9,0.04,8.2,3.01,2.42,15.5,6.2,8.5,13.6,0.7,4.1,20096,5.9,48.9,17.2,53.9,5.7,1.4,31.5,84.4,3.2,48602,3.3,17.3,50.7,49.3,40.7,38785,79.1,37419,76.3,32693,72.9,22.9,9639,19.7,97.3,94.4,83.1,49053,23.7,200,0.4,299,11184,22.8,11137,22.7,5879,12,58,0.1,3243,6.6,28190,57.5,0.72,0.4,0.32,0.53,0.42,0.46,0.03,0.33,0.3,37363,7.7,"NC","North Carolina","Duplin",37,61,"49,520","37,683",18.2,"(15.1, 21.6)",19.3,"(16.2, 22.9)"
"60","050US37051",37051,0.943,0.833,0.8718,0.9141,0.9558,48.9,16.1,15.9,12.9,125217,0.4467,37313,31206,17.2,7.7,13.8,8.2,111.1,143184,219.4,10.5,7.88,81,100,81,56.8,17.4,26.5,7.4,0.012,9.8,27.4,0.03,9,3.18,2.49,17.4,8.5,6.9,14.9,1.5,3.3,128118,5.5,41,16.3,45,6.9,3.1,40.8,89.5,2.7,319246,2.6,16.9,50.3,49.7,31.8,260810,77.4,252133,74.9,219308,70.2,15.5,42744,12.7,98.6,97.1,73.8,336749,25.1,4106,1.2,8900,125737,37.3,41644,12.4,14380,4.3,1235,0.4,34513,10.2,147878,43.9,0.35,0.35,0.28,0.42,0.34,0.38,0.05,0.43,0.15,218596,18.1,"NC","North Carolina","Cumberland",37,51,"337,890","252,626",17,"(14.1, 20.2)",17.5,"(14.6, 20.9)"
"61","050US37085",37085,0.7372,0.7432,0.8107,0.7836,0.4302,48.8,24.6,11.6,12.5,55181,0.4299,41327,31382,14.5,5,14.7,18.5,85.9,54051,90.9,10,7.9,28,100,28,51.6,15.9,29,11.3,0.02,8.1,22.3,0.02,10.8,3.34,2.74,12.8,6.3,6.5,13,0.9,3.9,48639,6.1,51.9,23.8,51.8,6.1,2.6,32.2,90,1.6,133313,3.6,15.5,50.4,49.6,35.4,104990,76.9,101512,74.4,87876,70.3,16.8,18300,13.4,98.4,96.3,77.6,136503,25.6,1641,1.2,1616,28377,20.8,19970,14.6,8016,5.9,306,0.2,10612,7.8,85935,63,0.46,0.27,0.23,0.58,0.54,0.57,0.02,0.25,0.17,96826,11.3,"NC","North Carolina","Harnett",37,85,"141,477","105,764",14.2,"(11.6, 17.2)",14.3,"(11.6, 17.2)"
"62","050US37075",37075,0.6933,0.7684,0.7792,0.42,0.4591,61.2,24.4,16.9,12,3365,0.4288,36090,28875,8.7,6.4,24,26.2,29.9,5244,18,36.8,18.11,2,66.67,3,13.6,11.3,36.7,15.3,0.008,5.5,21.3,0.01,15.5,3.07,2.38,15.9,2.7,9.1,18.3,1.8,7.5,3312,4.3,51.3,12.4,50.3,5.4,2.1,30.2,63.2,1.4,7870,2.5,18.8,49.8,50.2,45.5,6785,84.4,6562,81.6,5678,77,28.2,1996,24.8,100.8,98.4,90.3,8041,18.4,719,8.9,90,56,0.7,236,2.9,163,2,0,0,159,2,6854,85.2,0.67,0.64,0.43,0.94,0.72,0.77,0.04,0.02,0.05,6562,7.8,"NC","North Carolina","Graham",37,75,"8,052","6,517",10.1,"( 8.0, 12.7)",11.3,"( 8.8, 14.2)"
"63","050US37091",37091,0.9427,0.9656,0.735,0.9513,0.8279,59.7,25.6,16.3,10.8,8336,0.4818,34187,27562,21.4,5.2,26.5,21.4,73.2,9831,27.8,15.3,11.56,8,100,8,51.8,10.4,34.8,15.3,0.012,6.4,22.3,0.01,9.9,2.86,2.24,19.9,6.8,12.3,14.7,0.6,4.8,8329,5.2,40.1,11.2,43.6,8.5,1.5,41.7,84.7,1.5,18620,3.3,20,51,49,42.3,17073,83.3,16614,81.1,14289,75.4,25.1,4366,21.3,96.2,94,72.7,20492,18.9,401,2,212,11636,56.8,1328,6.5,395,1.9,22,0.1,620,3,7206,35.2,0.57,0.17,0.45,0.25,0.32,0.25,0.02,0.57,0.13,16552,8.4,"NC","North Carolina","Hertford",37,91,"19,453","15,694",25.3,"(21.0, 30.0)",27.3,"(22.4, 32.0)"
"64","050US37153",37153,0.986,0.9761,0.882,0.825,0.9739,57.3,27.9,15.7,9.8,17624,0.4667,34453,24752,25.2,9.6,27,19.2,76.5,19840,41.9,15,7.97,11,100,11,82.6,10.3,30.6,15.8,0.014,5.9,25.2,0.03,13.2,3.12,2.47,16.8,9.6,9.8,14.3,0.7,5,16863,5.4,37.9,12.8,42.1,9.5,2.8,37.9,85,2.8,41660,3.9,16.7,51.5,48.5,40.3,34049,79.5,32707,76.4,28564,73.1,22.5,7646,17.9,94.3,94.2,77.9,42818,23.6,899,2.1,344,13599,31.8,3222,7.5,2039,4.8,0,0,1577,3.7,24360,56.9,0.72,0.29,0.34,0.56,0.51,0.56,0.03,0.38,0.11,32587,5.9,"NC","North Carolina","Richmond",37,153,"42,324","32,370",23.3,"(19.7, 27.2)",24.4,"(20.7, 28.7)"
"65","050US37125",37125,0.3306,0.2778,0.6074,0.5867,0.2157,46.6,19.3,15.6,10,41485,0.4514,43844,44318,10,4.6,17.4,11,49.3,49419,70.8,13.4,26.68,20,68.97,29,121.8,24.4,20,7.3,0.021,16.5,19.9,0.01,8.5,2.93,2.37,16,3.1,9.4,13.5,1,4.9,42814,4.2,53.7,17.8,58.4,4.7,2.4,27.5,86.6,2.1,101648,3.4,14,51.1,48.9,42.8,82911,80.6,80465,78.2,71825,75.4,28.5,24731,24,95.7,92.2,81.4,102840,21.8,497,0.5,1318,9898,9.6,7799,7.6,3544,3.4,151,0.1,7223,7,80209,78,0.48,0.41,0.36,0.74,0.69,0.7,0.03,0.16,0.16,76500,12.3,"NC","North Carolina","Moore",37,125,"106,898","83,707",8,"( 6.1, 10.3)",8.6,"( 6.5, 11.1)"
"66","050US37131",37131,0.8906,0.9548,0.5157,0.9233,0.7786,53,30.8,12.8,13.9,6849,0.4966,37402,31883,20,6.5,29,27.9,58.3,10620,19.8,28.5,11.21,10,100,10,15.2,11.6,33.8,15.5,0.004,7.5,20.4,0.02,11.9,2.83,2.18,21.3,5.1,13.5,16,0.8,7.9,7597,5.4,38.8,8.9,45.8,9.2,0.8,34.9,71.5,2.8,16596,4.6,20.8,51.6,48.4,51.6,14478,84.1,14127,82.1,12618,79.5,33.4,4909,28.5,94,90.1,80.3,17212,17.9,41,0.2,21,9451,54.9,398,2.3,129,0.7,0,0,743,4.3,6827,39.7,0.82,0.3,0.45,0.32,0.33,0.37,0.01,0.61,0.05,14127,6.8,"NC","North Carolina","Northampton",37,131,"16,715","13,758",22.4,"(18.4, 26.4)",24.9,"(20.6, 29.4)"
"67","050US37095",37095,0.874,0.9949,0.8966,0.8101,0.1989,38.6,26.6,7.9,3.2,1633,0.3937,30997,22370,22.4,3,25.9,17,52.2,3168,5.2,33.2,22.99,1,50,2,2,10.1,40.4,13.2,0.012,3.6,19.4,0.01,16.4,2.35,1.87,21.1,5,12.7,16.5,1.6,7.5,2115,4.5,41.2,9.7,39.7,2,0.1,36.2,66.8,3.3,3960,4.4,18.9,45.4,54.6,48.5,4085,88.3,3780,81.7,3407,81.1,31.6,1054,22.8,120,117.6,86.5,4625,18.3,53,1.1,0,1154,25,358,7.7,27,0.6,0,0,583,12.6,2808,60.7,0,0,0.46,0,0.61,0.56,0,0.25,0.13,3780,6.3,"NC","North Carolina","Hyde",37,95,"4,607","3,922",19.9,"(16.6, 23.3)",20.8,"(17.4, 24.7)"
"68","050US37037",37037,0.2949,0.2997,0.469,0.6516,0.167,41.8,22.2,14.5,9.6,36335,0.495,50384,56724,10.5,3,15.2,13,47,35013,51.4,7.9,10.91,19,100,19,14.7,25.2,18,9.6,0.035,22.8,15.4,0.02,7.4,2.84,2.41,15.5,3.6,10.5,9.3,0.4,4.6,32253,6.2,58.2,19,63.3,5.6,1.9,25.4,92.1,1.3,77604,2.6,11.8,51.6,48.4,47.6,64847,82.8,62905,80.3,55324,77.6,29.9,19531,24.9,93.8,91.9,81.3,78319,19.7,99,0.1,1592,8238,10.5,10520,13.4,5821,7.4,0,0,5761,7.4,56808,72.5,0.47,0.44,0.57,0.78,0.59,0.47,0.05,0.16,0.33,62826,7,"NC","North Carolina","Chatham",37,37,"81,624","66,141",8.4,"( 6.4, 10.8)",9.3,"( 7.1, 11.9)"
"69","050US37159",37159,0.8435,0.7725,0.742,0.6599,0.8832,53.9,26.6,14.9,11.4,67516,0.4511,42118,32675,15.8,5.9,21.2,16,67.6,64263,125.6,10.1,7.18,31,100,31,48.4,14.9,32.3,11.9,0.028,6.6,22.7,0.03,9.5,3.04,2.5,14.5,5.9,8.9,12.3,1,4.2,57762,7.1,48.5,16.2,51.3,7.4,2.3,33.1,89.9,2.4,144325,3.6,15,50.4,49.6,40.5,119075,80.2,115387,77.7,99734,74,21.5,26006,17.5,98.6,96.6,82.4,148487,22.3,782,0.5,1458,23278,15.7,16784,11.3,6862,4.6,120,0.1,10077,6.8,105910,71.3,0.48,0.48,0.36,0.65,0.53,0.61,0.03,0.3,0.17,115306,7.6,"NC","North Carolina","Rowan",37,159,"151,661","118,284",14.1,"(11.4, 17.0)",14.8,"(12.1, 18.0)"
"70","050US37009",37009,0.4518,0.5632,0.6382,0.2164,0.2695,52.8,28.5,14.8,12.5,11196,0.4491,35053,31486,14.1,5.4,26.6,16.7,49.2,17111,40.1,29.9,14.43,9,100,9,45.7,14.4,30.9,12.5,0.01,8,22.1,0.01,9.1,2.67,2.2,17.6,4.3,11.2,11.5,1,4.7,11999,4.5,53.4,12.8,62.1,4.6,1.1,24.2,70.1,1.1,26409,3.5,19.2,50.7,49.3,49.8,22974,85.6,22279,83,19885,80.7,32.3,7236,27,97.3,96.2,84.8,26831,17,115,0.4,100,289,1.1,1569,5.8,175,0.7,0,0,937,3.5,25215,94,0.63,0.64,0.27,0.92,0.89,0.89,0.02,0.04,0.08,22266,6.5,"NC","North Carolina","Ashe",37,9,"27,063","22,627",11,"( 8.3, 14.1)",12.2,"( 9.0, 15.7)"
"71","050US37057",37057,0.553,0.6249,0.6812,0.5558,0.2752,51.9,27.3,13.1,12.3,78244,0.4358,41075,32759,13.8,4,23.9,13.3,64.8,75615,136.7,9.4,9.63,42,100,42,21.4,14.6,32.5,12.3,0.017,6.2,23.9,0.02,11.6,2.98,2.47,14.4,4.7,8.8,12.1,1.4,4.4,68512,6.2,51.7,18.2,54.7,6.8,1.9,29,90.6,1.6,169349,3.1,15.4,50.8,49.2,42.3,138479,81,133783,78.2,115712,75,22.5,31840,18.6,96.7,94.7,82.5,171063,21.8,320,0.2,2608,15898,9.3,14633,8.6,4154,2.4,25,0,12778,7.5,135280,79.1,0.58,0.51,0.49,0.64,0.61,0.62,0.05,0.19,0.16,133608,7.4,"NC","North Carolina","Davidson",37,57,"174,804","137,346",12.8,"(10.3, 15.5)",13.5,"(10.7, 16.5)"
"72","050US37043",37043,0.4232,0.678,0.133,0.2234,0.4155,46.5,19.1,12.2,16.4,4147,0.4688,41565,35326,13.5,4.2,24.7,12,35.5,7410,34.5,32,24.59,3,75,4,36.1,21.3,24.9,10,0.002,10.2,20.3,0.02,13.9,2.89,2.24,17.7,1.6,12.1,16.9,1,9.2,5041,4.6,51.5,11.6,56.3,3.4,3.6,24,68,3,11299,2.8,17.3,51.4,48.6,54.5,9863,86.6,9543,83.8,8444,80.2,40.6,3679,32.3,94.6,91.4,88.6,11391,16.2,103,0.9,88,204,1.8,449,3.9,169,1.5,0,0,221,1.9,10606,93.1,0.52,0.13,0.26,0.86,0.91,0.88,0.02,0.02,0.05,9543,9,"NC","North Carolina","Clay",37,43,"11,864","10,069",9.1,"( 6.7, 11.8)",10.5,"( 7.8, 13.9)"
"73","050US37137",37137,0.5616,0.5972,0.5603,0.6211,0.4146,54.4,30,13.4,11.3,4519,0.453,40543,35042,12.4,4.5,27.8,24.5,35.3,7239,21.5,27.8,16.79,6,100,6,3.5,13.9,31.3,10,0.005,11.5,23.2,0,15.2,2.73,2.19,17.4,1.7,11.9,14.6,0.5,7.5,5228,6.7,49,10.7,49,7.2,1.3,29.4,72.2,1.6,11425,4.7,19.6,48.4,51.6,54.1,10826,87.9,10563,85.8,9231,81.9,36.9,3775,30.7,106.5,105.7,88.8,12315,14.2,20,0.2,74,2286,18.6,567,4.6,125,1,2,0,624,5.1,9184,74.6,0.41,0.52,0.24,0.87,0.6,0.73,0.01,0.33,0.06,10555,12.3,"NC","North Carolina","Pamlico",37,137,"12,423","10,683",11.2,"( 9.0, 14.0)",12.8,"(10.2, 15.9)"
"74","050US37097",37097,0.3773,0.3487,0.4041,0.615,0.3398,44.1,25.1,13.2,14,96100,0.4615,45329,43261,9.1,4.4,16.3,12.3,66.3,81785,142.4,9.6,13.31,46,100,46,64,22.7,27.1,8.8,0.02,10.7,20.6,0.02,8,3.06,2.57,13.1,4.2,6.5,10.8,1.4,3.2,73913,5.8,55.1,21,56.6,6.3,1.9,30.5,90.4,2,190221,2.9,11.7,50.5,49.5,40.9,153795,80.2,148652,77.5,127602,73.9,20.4,31545,16.4,98.2,96.2,83.4,191800,22.5,430,0.2,4888,22203,11.6,17001,8.9,7662,4,11,0,11741,6.1,144865,75.5,0.47,0.41,0.33,0.74,0.61,0.65,0.07,0.21,0.14,148598,6.5,"NC","North Carolina","Iredell",37,97,"199,710","155,704",9.1,"( 7.0, 11.6)",9.4,"( 7.4, 12.0)"
"75","050US37001",37001,0.7136,0.6643,0.5266,0.7668,0.7076,48.4,22.4,16,12.9,83828,0.4345,41814,33281,14.1,4.9,16.8,12,75.7,75456,178.2,9.3,9.86,37,100,37,29.2,18.8,28.7,11.4,0.034,8.9,20.8,0.02,9.2,3.09,2.47,18.3,5.9,8.9,12.5,0.7,3.7,68441,6.3,46.6,18.1,51.3,6,2.3,34.7,90.7,1.8,168918,2.9,12.4,52.1,47.9,38.7,139764,80.2,135505,77.7,114845,72.5,20.3,29514,16.9,92,88.7,75.7,174286,22.3,831,0.5,2905,34710,19.9,25716,14.8,14649,8.4,51,0,11673,6.7,109467,62.8,0.51,0.44,0.47,0.6,0.46,0.44,0.05,0.29,0.25,135411,6.9,"NC","North Carolina","Alamance",37,1,"179,165","139,859",13.3,"(10.8, 16.0)",14,"(11.3, 16.9)"
"76","050US37169",37169,0.4324,0.5584,0.4893,0.2959,0.2816,54.3,26.2,14.1,11,20076,0.4212,41789,32721,12,4.6,27,24.3,51,21353,47.5,9.3,36.89,1,7.69,13,22.5,12.3,38.1,10.1,0.002,6.2,22.1,0.03,11.1,2.88,2.29,15.1,4.9,9.7,16.8,0.4,5.5,19374,6.6,49.3,14.9,54.4,6,1.6,27.7,90.7,2.7,44338,4.1,19.4,50.9,49.1,47.6,37747,84.1,36522,81.4,31983,79,26.9,10099,22.5,96.5,94.9,81.8,44889,18.6,88,0.2,16,1543,3.4,1621,3.6,507,1.1,0,0,1743,3.9,40992,91.3,0.8,0.47,0.43,0.95,0.8,0.82,0,0.09,0.07,36496,7.7,"NC","North Carolina","Stokes",37,169,"45,532","37,073",11.2,"( 8.8, 13.9)",12.1,"( 9.5, 15.3)"
"77","050US37197",37197,0.6233,0.7206,0.5113,0.4741,0.5202,54.6,32.3,14.5,9.1,16949,0.4651,39387,33789,13.6,5.4,30,20.8,55.5,17165,51.3,13.2,16.85,9,100,9,23.9,11.9,36,13.5,0.014,3.9,23.2,0.02,8.2,3.07,2.49,16.6,3.5,10.4,13.1,1.1,5.1,14893,4.6,53.1,19.3,55.7,5.8,1.7,29.6,86.8,2.9,37032,3.5,15.8,50,50,44.3,30560,81.7,29665,79.3,25746,76.2,24.9,7756,20.7,99.9,96.5,80,37419,20.7,203,0.5,29,1095,2.9,4510,12.1,1620,4.3,0,0,2218,5.9,32254,86.2,0.67,0.43,0.28,0.83,0.8,0.79,0,0.06,0.15,29602,6.9,"NC","North Carolina","Yadkin",37,197,"37,774","30,051",12.5,"(10.0, 15.7)",13.5,"(10.7, 17.0)"
"78","050US37049",37049,0.8126,0.6373,0.8081,0.7261,0.8597,50.8,18.2,17.4,12.7,40498,0.4627,39024,36745,13.9,4.5,15.4,13.2,70.4,47404,67.1,12.5,12,26,100,26,73,15.6,26.6,8.2,0.011,10.4,26.7,0.02,10.8,2.87,2.32,17.5,5.3,9,12.3,1.8,4.7,41472,5.2,49.1,15.4,53.3,4.8,2,31.5,87.5,1.3,96226,3.2,15.9,50.2,49.8,39.2,81387,80.5,79176,78.3,69681,74.5,24.7,20675,20.5,99.3,98.2,82.2,101074,21.7,348,0.3,2772,20493,20.3,7523,7.4,2294,2.3,180,0.2,6892,6.8,68095,67.4,0.56,0.36,0.37,0.52,0.55,0.59,0.1,0.29,0.13,73641,14.8,"NC","North Carolina","Craven",37,49,"102,391","80,675",12,"( 9.6, 14.5)",12.9,"(10.2, 15.6)"
"79","050US37073",37073,0.4053,0.5765,0.5199,0.7464,0.0633,51.1,27.8,13.3,12.7,4386,0.4032,47077,31342,11.8,9,25.9,36.5,44.7,4809,14.1,12.3,6.48,3,100,3,0.6,5.7,40.6,10.4,0.009,5.1,29.1,0.01,10.2,3.07,2.46,16.8,2.4,12.9,16.9,0,6.8,4219,4.7,51.3,13.7,53.7,8.6,4.8,29.4,87.7,1.6,10370,5.1,17.2,52.3,47.7,47.7,8593,82.3,8402,80.5,7232,77.2,28.3,2296,22,91.2,96,84.7,10437,19.5,47,0.5,0,3254,31.2,219,2.1,68,0.7,0,0,444,4.3,6624,63.5,0,0.15,0.37,0,0.62,0.58,0,0.32,0.03,8393,11.5,"NC","North Carolina","Gates",37,73,"10,343","8,363",15.6,"(12.9, 18.4)",16.6,"(13.7, 19.5)"
"80","050US37005",37005,0.7168,0.8613,0.4998,0.3977,0.5807,52.8,30,14.6,11,4263,0.5083,32908,33059,17.4,5.4,24.9,15.9,49.8,7752,33,34.9,15.42,3,100,3,36.9,14.8,29.7,16.8,0.015,8,21.9,0.03,15.8,2.66,2.15,16.5,2.6,10.1,12.9,0.4,6.5,5049,2.5,55,12.9,63.1,4.3,2.3,15.8,65.1,1.8,10860,3.6,17.4,50.6,49.4,51.4,9423,85.1,9237,83.4,8263,81.3,34.8,3292,29.7,97.6,96.2,84.7,11075,16.6,21,0.2,85,164,1.5,1269,11.5,25,0.2,0,0,665,6,10115,91.3,0.66,0.2,0.08,0.81,0.83,0.84,0.02,0.02,0.12,9237,8.2,"NC","North Carolina","Alleghany",37,5,"11,342","9,426",14.3,"(11.0, 18.0)",16,"(12.4, 20.2)"
"81","050US37077",37077,0.6612,0.6745,0.5778,0.8164,0.4811,47.9,23,17.7,9.6,26768,0.4365,45957,33166,14.1,4.4,23,17.9,55.6,24582,46.2,9.8,18.18,14,93.33,15,30,16.9,30.7,13.3,0.02,7.1,21.2,0.01,11.1,3.06,2.56,14.1,5.9,8.2,11.1,1.3,3.3,22176,6.6,50.1,15.8,47.9,7.2,2.1,35.4,90.2,2.8,56776,2.8,16.2,48.6,51.4,42.5,50452,82.1,48792,79.4,42535,76.6,21.2,10614,17.3,105.7,105.9,84.2,61439,20.6,227,0.4,364,18098,29.5,6545,10.7,3664,6,210,0.3,3811,6.2,35065,57.1,0.51,0.29,0.4,0.58,0.5,0.5,0.02,0.35,0.17,48700,7,"NC","North Carolina","Granville",37,77,"62,192","49,581",14.8,"(12.0, 17.9)",15.4,"(12.4, 18.7)"
"82","050US37191",37191,0.9564,0.8788,0.8991,0.8616,0.9545,53.7,23.5,13.7,13.6,49904,0.4487,37803,31216,16.9,5.4,19,23.6,90.1,53134,95.9,11.8,6.66,30,100,30,35.1,14.7,30.4,13.6,0.032,6.6,22.7,0.03,9,3.02,2.44,15.4,7.3,8.7,13.4,1.1,4.1,46888,7.1,44.5,15.5,48.6,6.7,1.8,37.5,88.2,1.7,114638,3.2,15.8,50.3,49.7,37.4,92966,79,89701,76.3,78043,72.4,20.8,19691,16.7,98.8,97.4,76.8,117606,23.7,180,0.2,1367,35979,30.6,15495,13.2,3093,2.6,101,0.1,12203,10.4,64683,55,0.42,0.42,0.42,0.52,0.39,0.46,0.03,0.45,0.25,86015,12,"NC","North Carolina","Wayne",37,191,"118,686","90,368",18,"(14.9, 21.3)",18.8,"(15.6, 22.2)"
"83","050US37157",37157,0.8514,0.875,0.825,0.6516,0.6997,57,29.9,13.9,9.3,40455,0.4531,41051,31380,16.8,6.3,27.7,17.3,57,43685,77.2,10.7,16.65,21,95.45,22,44.1,10.9,34.6,15.6,0.012,5.2,23,0.02,11.3,2.83,2.31,17.7,4.3,9.4,13.1,1.4,4.7,39018,5.9,46.6,15.1,51.8,6.1,3,30.2,89.3,1.9,90295,4.9,17.8,51.1,48.9,44.7,75368,82.3,72853,79.5,63921,76.7,25.1,19008,20.8,95.7,92.7,81.6,91585,20.5,669,0.7,185,16112,17.6,6308,6.9,2388,2.6,138,0.2,5568,6.1,66525,72.6,0.75,0.32,0.25,0.64,0.64,0.69,0.01,0.24,0.1,72821,7.1,"NC","North Carolina","Rockingham",37,157,"92,518","73,816",15.6,"(12.7, 18.5)",16.6,"(13.5, 19.8)"
"84","050US37045",37045,0.8524,0.8699,0.7044,0.6481,0.8085,54.4,28,13.3,14.6,44401,0.4634,38346,29849,17.2,5.7,25.4,18.2,74.7,43999,94.8,15.4,12.02,24,100,24,93.7,13.5,33.8,12.6,0.007,7.6,19.3,0.03,9.8,3.22,2.64,16.1,5.1,8.8,12.2,2.1,4.4,37218,5.7,47.3,14,50.9,9.4,2.8,33.6,84.6,2.2,98361,3.5,17,51.8,48.2,41.2,80339,80.2,77804,77.7,66801,73.5,23,18774,18.7,93.1,90.9,79.1,100170,22.3,251,0.3,1023,18406,18.4,4426,4.4,2076,2.1,67,0.1,5693,5.7,72654,72.5,0.54,0.31,0.35,0.73,0.62,0.68,0.03,0.26,0.07,77708,7.4,"NC","North Carolina","Cleveland",37,45,"101,378","78,793",15.3,"(12.6, 18.6)",16.2,"(13.2, 19.7)"
"85","050US37003",37003,0.4559,0.4922,0.2924,0.4018,0.5466,58.3,33.7,11.2,10.7,16120,0.4371,41505,32565,12.1,5.2,29.7,24.8,50.5,16126,62,13.8,11.85,7,100,7,9.7,10.4,39.5,14.4,0.006,5,21,0.02,11.3,3,2.51,14.4,2.9,9.6,11.4,2.3,6,13895,7,54.2,18.9,52.6,4.3,2.1,31.1,86.2,1.2,34920,3.9,18.2,48.5,51.5,43.8,30430,83.5,29301,80.4,25607,77.2,24.7,7500,20.6,106,107.1,87,36440,19.6,331,0.9,392,1468,4,1950,5.4,809,2.2,0,0,1636,4.5,31804,87.3,0.62,0.52,0.19,0.89,0.81,0.84,0.04,0.09,0.06,29285,7.1,"NC","North Carolina","Alexander",37,3,"36,473","29,341",12,"( 9.5, 14.8)",12.8,"(10.0, 15.8)"
"86","050US37011",37011,0.7191,0.6624,0.4986,0.3675,0.909,47.5,25.5,11.2,13.2,6776,0.4854,37164,33899,11,4.8,31.4,11.8,44.7,14051,56.8,53.3,13.47,5,100,5,31.6,13.7,32,13.6,0.009,8.2,23.8,0.03,15.4,2.84,2.27,16.7,3,10.6,14,1,4.1,6559,3.4,53.7,15.4,45.7,5.8,1.6,35,46.7,0.8,14874,3.1,18.1,45.4,54.6,46.5,15412,87.4,15073,85.4,12897,80.2,28.4,4059,23,120.2,123.3,92.4,17643,14.6,42,0.2,78,742,4.2,1005,5.7,509,2.9,21,0.1,659,3.7,15592,88.4,0.4,0.58,0.33,0.84,0.77,0.83,0.01,0.11,0.08,15073,7.2,"NC","North Carolina","Avery",37,11,"17,561","15,011",11.3,"( 8.8, 14.2)",12.3,"( 9.4, 15.4)"
"87","050US37063",37063,0.686,0.5873,0.238,0.9065,0.8661,37.8,14.2,17.4,7.9,173822,0.4636,51970,46931,12,4.2,11.4,1.3,95.1,149150,520.6,7.1,5.1,68,100,68,57.3,27.6,16.3,9.3,0.054,25.9,14,0.03,8.2,3,2.28,20.5,5.3,6.4,14.2,1.3,2.8,138502,7.6,38.8,14.7,45.3,6,3.8,42.7,92.9,2,315592,1.8,9.9,52,48,35.8,269568,81.8,263055,79.9,228680,75.2,17.2,46239,14,92.3,89.7,74.6,329405,20.1,1687,0.5,16950,108885,33.1,50307,15.3,23406,7.1,164,0,28332,8.6,149981,45.5,0.35,0.41,0.5,0.47,0.33,0.3,0.1,0.41,0.25,262488,5.3,"NC","North Carolina","Durham",37,63,"336,892","271,458",11,"( 8.5, 13.9)",11.2,"( 8.6, 13.9)"
"88","050US37135",37135,0.3945,0.2857,0.0474,0.686,0.8454,35.7,12,15.7,8,73272,0.5126,48789,51856,12.4,3.6,14.6,6.1,72.6,62127,156.3,9.1,7.99,42,100,42,78,27.5,12.6,6.8,0.028,34.3,11.8,0.02,6.6,3,2.4,17,3.7,7,12.5,0.7,3.8,56456,5.5,48.9,19.9,48.9,3.5,6.3,41.1,90.9,1.4,135700,2,8.6,52.2,47.8,36.2,122761,83.3,118781,80.6,95130,70.9,19.2,23101,15.7,91.7,88.9,81.6,147292,19.4,677,0.5,11605,15595,10.6,15540,10.6,5557,3.8,39,0,10022,6.8,103797,70.5,0.39,0.27,0.32,0.61,0.62,0.63,0.14,0.15,0.16,118733,4.9,"NC","North Carolina","Orange",37,135,"150,626","122,940",6.9,"( 5.1,  8.8)",7.5,"( 5.6,  9.6)"
"89","050US37081",37081,0.7865,0.6962,0.5469,0.8797,0.84,45.1,18.8,14.8,11.5,265982,0.4793,41519,37845,15.2,4.7,15.6,3,89.5,235833,365.1,8.5,11.02,112,88.89,126,55.1,23.7,22.6,9.7,0.029,14.4,20.4,0.03,8.3,3.05,2.41,18.8,7,7.9,13,1.4,3.5,215807,6.5,41.7,16.2,46.6,6.1,3,40.1,91.5,2,519416,3,12,52.5,47.5,37.4,436025,80.3,422662,77.8,353974,71.7,19.2,84833,15.6,90.4,86.9,76.4,542987,22.2,1937,0.4,28082,184691,34,53188,9.8,21969,4,66,0,39491,7.3,266751,49.1,0.47,0.51,0.45,0.45,0.31,0.37,0.12,0.48,0.15,421823,6,"NC","North Carolina","Guilford",37,81,"549,866","430,053",13.9,"(11.1, 17.2)",14.6,"(11.7, 18.1)"
"90","050US37151",37151,0.6475,0.6736,0.7681,0.5679,0.4108,53.1,33.5,11.4,11.8,67722,0.415,38476,29706,14.8,3.7,23.5,20,68.8,62544,79.9,8.9,10,34,100,34,25.1,12.6,35,16.1,0.03,5,20.8,0.03,11.7,3.08,2.52,15.9,4.4,8.8,12.4,0.9,4.3,56970,7.7,49.8,17.1,52.4,6.6,1.7,30.5,91.1,2.1,143753,3.2,15.9,50.3,49.7,41.4,116735,80.3,112758,77.6,96248,73.7,22.3,26369,18.1,99,96.8,82.5,145322,22.4,415,0.3,1610,8907,6.1,19722,13.6,9133,6.3,8,0,8704,6,116545,80.2,0.64,0.5,0.37,0.75,0.63,0.67,0.05,0.12,0.21,112699,6.7,"NC","North Carolina","Randolph",37,151,"147,458","114,881",13.9,"(11.1, 17.2)",14.6,"(11.6, 18.3)"
"91","050US37181",37181,0.9672,0.9532,0.9745,0.929,0.7283,54.3,25,14.7,13.4,18204,0.4591,35159,27223,19,6.8,24.6,25,103,19423,77,17.2,8.59,12,100,12,38.6,12.8,35.8,14.6,0.011,5.6,22.4,0.03,12.9,3.36,2.59,18.9,9.3,11.3,12.8,1.5,4.7,16081,5.2,35,11.2,40.3,12.7,2.4,38.7,82.8,3.4,41730,4.8,18.9,53.4,46.6,39.9,33372,78.8,32173,75.9,27978,72.3,22.6,7958,18.8,87.2,83.7,73.5,42361,24.1,141,0.3,272,20746,49,3853,9.1,2291,5.4,0,0,2604,6.1,16307,38.5,0.45,0.29,0.46,0.44,0.34,0.29,0.01,0.53,0.16,32173,6.9,"NC","North Carolina","Vance",37,181,"42,301","32,113",22.9,"(18.8, 26.9)",24.2,"(19.9, 28.7)"
"92","050US37109",37109,0.2517,0.2746,0.2685,0.4658,0.2666,46.9,28.6,12.4,10.9,43843,0.4566,46558,42170,9,3.6,18.9,16.2,47.2,38589,130.5,7.5,10.83,18,100,18,23.8,19.4,29.3,10,0.013,7.6,21.6,0.02,9.1,2.95,2.51,12.1,3.7,6.3,10.8,0.8,4.3,35681,4.9,57.5,20.6,58.6,6.8,1.9,26.9,92.5,1.5,89651,3.9,15.1,50.3,49.7,44.3,73732,81.6,71590,79.2,62274,76.4,23.5,17168,19,98.9,97.8,86.9,90359,20.8,174,0.2,705,5271,5.8,7065,7.8,2354,2.6,5,0,5271,5.8,76579,84.7,0.42,0.46,0.41,0.86,0.72,0.75,0.02,0.12,0.13,71502,7.5,"NC","North Carolina","Lincoln",37,109,"95,675","76,148",9.2,"( 6.9, 11.7)",9.7,"( 7.2, 12.3)"
"93","050US37187",37187,0.8603,0.9475,0.8511,0.9036,0.3716,55.1,23.6,14.2,11,3935,0.5016,33724,28150,24.7,11.2,31.5,22.9,71.6,6045,17.4,20.1,19.9,4,100,4,31.7,8.5,36.1,14.4,0,3.7,26.4,0.01,10.3,3,2.23,21.3,8.7,12.9,17.3,0.4,8.5,4832,6.5,34.1,8.3,41.6,5.8,2.3,40.4,79.9,2.4,10752,5.3,26.1,49.9,50.1,49.3,9213,84.5,8887,81.5,7573,75.6,32.7,2984,27.4,100.3,87.2,83.1,10905,18.5,5,0,11,5411,49.6,426,3.9,23,0.2,0,0,373,3.4,5082,46.6,0,0.11,0.23,0,0.43,0.49,0,0.51,0.06,8834,8.9,"NC","North Carolina","Washington",37,187,"10,713","8,617",25.3,"(21.1, 29.2)",28.3,"(23.6, 32.8)"
"94","050US37025",37025,0.4321,0.3614,0.4817,0.7706,0.3376,42.6,17.5,12.5,12.9,116627,0.438,48282,40652,8.9,4.5,13,5.4,73.1,91339,252.9,12,9.35,47,100,47,42.7,23.9,24.9,8.2,0.016,13.8,19.6,0.03,6.9,3.39,2.85,13.6,6.2,5.5,9.1,0.8,2.6,80370,5.9,56.3,24.1,55.6,7.7,2.2,33.5,88,1.4,229452,2.6,10.7,50.9,49.1,37.7,179891,77.8,172577,74.6,148073,71.1,16.6,30979,13.4,96.3,93.1,78.2,231262,25.4,358,0.2,12408,43654,18.9,28603,12.4,12968,5.6,69,0,18759,8.1,143046,61.9,0.49,0.32,0.37,0.55,0.52,0.5,0.16,0.25,0.2,172252,6.6,"NC","North Carolina","Cabarrus",37,25,"240,016","180,188",10.2,"( 8.1, 12.7)",10.3,"( 8.2, 12.8)"
"95","050US37145",37145,0.5393,0.5558,0.6532,0.7165,0.2787,49.8,25.5,18,11.3,19068,0.4804,41648,37616,18.4,3.9,25.1,17.9,57.8,18482,47.1,12.3,11.02,7,100,7,15.9,14.1,34.8,10.9,0.007,5.7,22.4,0.01,10.1,2.92,2.39,15.8,5.4,11.2,11.2,1.3,4.8,16211,7.1,47,14.4,53.4,7.1,2.1,30.9,87.7,2.2,38821,3.3,18.9,51.8,48.2,43.9,32272,82.2,31142,79.3,26809,75,25.4,8250,21,93.1,91.7,76.4,39275,20.7,233,0.6,168,10004,25.5,2303,5.9,548,1.4,2,0,2524,6.4,25796,65.7,0.55,0.29,0.29,0.54,0.58,0.59,0.01,0.3,0.08,31129,7,"NC","North Carolina","Person",37,145,"39,737","31,541",15.4,"(12.7, 18.5)",16.3,"(13.3, 19.6)"
"96","050US37071",37071,0.65,0.6984,0.6163,0.6726,0.4578,48.7,24.3,13.2,12,110290,0.4628,44740,35557,12.8,4.8,18.1,8.6,79.8,100109,281.4,7.8,6.1,85,100,85,56.7,18.2,29,12,0.018,7.7,21.9,0.02,10.9,3.02,2.47,15.6,5.9,8.3,11.9,1.6,4.1,92287,7.4,45.8,16.4,50.3,7.7,2.5,33.6,92.2,2.4,228355,2.8,14.5,51.5,48.5,39.5,185485,80.1,179258,77.4,154740,74,20,37758,16.3,94,91.1,75.1,231485,22.6,684,0.3,3825,40681,17.6,21518,9.3,7693,3.3,105,0,15493,6.7,163004,70.4,0.48,0.46,0.39,0.72,0.52,0.58,0.06,0.3,0.14,178985,7.1,"NC","North Carolina","Gaston",37,71,"237,242","184,354",13.3,"(11.0, 15.9)",13.7,"(11.2, 16.4)"
"97","050US37189",37189,0.4238,0.8619,0.0048,0.2444,0.5969,42.9,13.6,10.4,15.2,26623,0.5143,28058,32631,24.7,9,18.7,8,87,33028,105.7,35.9,11.46,13,100,13,51.2,25.8,20.8,7.6,0.012,21.9,17,0.01,8.6,2.85,2.29,16.9,2.2,6.8,14.7,0.3,5.5,21187,6,42.8,13.1,41.3,2.8,12.8,47.7,64.1,0.8,48489,1.6,11.9,50.1,49.9,32.2,48742,89.3,47838,87.6,35486,69.9,20.7,9138,16.7,99.5,98.9,92.3,54607,12.4,201,0.4,664,1194,2.2,3303,6,702,1.3,0,0,2512,4.6,49334,90.3,0.43,0.36,0.17,0.87,0.87,0.88,0.02,0.03,0.07,47837,4.5,"NC","North Carolina","Watauga",37,189,"54,748","48,121",10.7,"( 7.7, 14.4)",12.5,"( 9.4, 16.5)"
"98","050US37033",37033,0.7302,0.7442,0.7646,0.7881,0.4384,58.1,30,15.6,11.5,9296,0.4246,38839,28281,15.7,5.7,29.3,21.7,53,10490,24.7,17.3,10.03,6,100,6,4.6,10.5,35.8,16.4,0.013,5.6,20.9,0.01,10.8,2.94,2.46,12.4,5.1,9.7,13.6,0.1,5.8,8677,5.6,50.4,14.9,46.9,5,4.3,35.1,82.7,2,21355,5.1,20,48,52,46.2,19131,84.3,18533,81.7,16137,78.3,27,5096,22.5,108.3,106,79.9,22689,18.3,19,0.1,97,7138,31.5,1102,4.9,425,1.9,0,0,1339,5.9,13671,60.3,0.48,0.27,0.47,0.58,0.56,0.61,0.01,0.37,0.11,18486,6.8,"NC","North Carolina","Caswell",37,33,"22,807","18,569",16.4,"(13.7, 19.5)",17.4,"(14.4, 20.6)"
"99","050US37195",37195,0.952,0.9599,0.8543,0.8909,0.8136,51.8,28,14.9,11.1,33490,0.4831,40635,30057,21,6,17.6,14.3,91.7,36702,99.8,10.5,7.32,25,100,25,43.3,12.3,34.2,15.6,0.02,8,19.6,0.02,9,2.98,2.35,19.3,5.6,10.1,13,1.4,4.1,32860,6.2,43.1,15.2,48.9,5.2,2.1,36.1,89.5,2.3,77248,3.8,14.9,52.3,47.7,40.7,62613,79.6,60542,77,53081,73.8,23,14938,19,91.3,87.8,78.4,78648,23,176,0.2,805,30889,39.3,9354,11.9,6436,8.2,0,0,4111,5.2,36231,46.1,0.53,0.48,0.45,0.58,0.32,0.36,0.04,0.51,0.17,60381,6.3,"NC","North Carolina","Wilson",37,195,"78,970","60,928",23,"(18.9, 26.9)",24.1,"(19.9, 28.2)"
"100","050US37185",37185,0.9879,0.9707,0.9605,0.931,0.923,53,30.2,14.2,13.9,7287,0.5175,32834,31482,22.2,8,27,39.7,71.4,11543,26.9,31.3,16.88,7,100,7,3.1,12.8,39.1,13.3,0.012,6.2,19.2,0.02,14.5,2.83,2.26,18.5,8,12.4,15.5,1,6.5,7930,4.7,38.3,7.6,42.3,10,2.2,35,68.7,4.1,17939,4.1,21.2,50.7,49.3,48.6,15868,84.6,15360,81.9,13527,78.1,32,5047,26.9,97.1,100,81,18751,18.1,959,5.1,123,8826,47.1,830,4.4,548,2.9,8,0,1072,5.7,7215,38.5,0.66,0.34,0.5,0.3,0.32,0.33,0.02,0.54,0.07,15360,8.9,"NC","North Carolina","Warren",37,185,"18,836","15,503",24.2,"(20.4, 28.6)",26.5,"(22.1, 31.1)"
