HEROP_ID,FIPS,FqhcAvTmDr,FqhcCtTmDr,FqhcTmDrP,TotTracts,A50_74HcvD,AmInHcvD,AsHcvD,AvA50_74HcvD,AvAmInHcvD,AvBlkHcvD,AvFlHcvD,AvHcvD,AvHspHcvD,AvMlHcvD,AvO75HcvD,AvU50HcvD,MdMarijLaw,AnyPdmpDt,AnyPdmpFr,AnyPdmphDt,AnyPdmphFr,ElcPdmpDt,ElcPdmpFr,MsAcPdmpDt,MsAcPdmpFr,OpPdmpDt,OpPdmpFr,CrrctExp,ExpnFedExp,ExpnSttExp,HlthExp,MedcdExp,PlcFyrExp,TradFedExp,TradSttExp,WlfrExp,BachelorsP,EduHsP,EduNoHsP,EngProf,GradSclP,SomeCollegeP,FemP,MaleP,Ovr16,Ovr16P,Ovr18,Ovr18P,Ovr21,Ovr21P,Ovr65,Ovr65P,SRatio,SRatio18,SRatio65,TotPop,AmIndE,AmIndP,AsianE,AsianP,BlackE,BlackP,HisE,HisP,OtherE,OtherP,PacIsE,PacIsP,TwoRaceE,TwoRaceP,WhiteE,WhiteP,DsmAs,DsmBlk,DsmHsp,IntrAsWht,IntrBlkWht,IntrHspWht,IsoAs,IsoBlk,IsoHsp
040US35,35,,,,612,92,,,131.0,7.0,,40.0,159.0,88.0,119.0,,1.0,True,7/15/2004,1.0,7/1/2004,1.0,7/15/2004,1.0,9/28/2012,1.0,8/1/2005,1.0,6359956,2026725000,211870300,4692974,8173504300,1214640,4739079800,1195829200,10049039,16.59,25.73,12.28,91.34,13.61,19.47,50.33,49.67,1705686.0,80.66,1648151.0,77.94,1443310.0,68.25,397156.0,18.78,98.68,97.27,85.51,2114768,201346.0,9.52,36065.0,1.71,44709.0,2.11,1018321.0,48.15,253794.0,12.0,2049.0,0.1,442934.0,20.94,1133871.0,53.62,0.42,0.39,0.24,0.36,0.38,0.37,0.03,0.03,0.53
040US46,46,,,,242,10,15,0.0,6.0,2.0,,0.0,33.0,0.0,25.0,,,True,3/29/2010,1.0,3/1/2010,1.0,7/1/2010,1.0,,0.0,3/1/2012,1.0,783784,11769600,960000,316744,1167718100,369042,786090500,368898000,1731185,21.52,29.48,6.99,97.9,9.58,17.07,49.33,50.67,704344.0,78.33,679374.0,75.55,595134.0,66.19,158103.0,17.58,102.71,102.18,89.35,899194,69514.0,7.73,12554.0,1.4,20149.0,2.24,41281.0,4.59,12547.0,1.4,606.0,0.07,50789.0,5.65,733035.0,81.52,0.24,0.28,0.19,0.53,0.61,0.74,0.01,0.01,0.04
040US06,6,,,,,1407,22,87.0,1703.0,32.0,246.0,605.0,2085.0,645.0,1479.0,263.0,108.0,True,1/1/1939,1.0,1/1/1990,1.0,1/1/1998,1.0,10/2/2018,1.0,9/1/2009,1.0,112801895,28775203200,3268018800,76926071,122791744500,35511690,50713624800,40034897800,167181476,22.4,20.4,15.4,82.72,14.1,18.18,50.04,49.96,31545603.0,80.39,30513773.0,77.76,26488214.0,67.5,5994486.0,15.28,99.84,98.16,82.11,39242785,445219.0,1.13,5997069.0,15.28,2173343.0,5.54,15630830.0,39.83,6820303.0,17.38,147827.0,0.38,6410245.0,16.33,17248779.0,43.95,0.41,0.52,0.33,0.47,0.45,0.45,0.13,0.07,0.4
040US21,21,,,,1376,218,,0.0,219.0,,34.0,88.0,302.0,,213.0,,62.0,False,7/15/1998,1.0,7/1/1998,1.0,7/15/1998,1.0,7/20/2012,1.0,7/1/1999,1.0,6670160,5189196600,578826600,4620478,16172800500,1636492,8031034100,2373743200,16877514,15.91,32.71,11.47,97.31,11.08,16.81,50.48,49.52,3605426.0,79.93,3487979.0,77.33,3028981.0,67.15,767995.0,17.03,98.11,95.74,81.51,4510725,7610.0,0.17,68482.0,1.52,355237.0,7.88,212163.0,4.7,67198.0,1.49,3737.0,0.08,233880.0,5.18,3774581.0,83.68,0.52,0.45,0.4,0.76,0.84,0.86,0.02,0.07,0.06
040US01,1,,,,,122,,0.0,132.0,,48.0,46.0,161.0,,115.0,,,True,8/1/2004,1.0,11/1/2005,1.0,8/1/2004,1.0,3/9/2017,1.0,4/1/2006,1.0,12533999,,,10626825,7876301100,2145358,6115858000,1760443100,9596296,16.96,30.34,11.87,97.64,10.79,17.43,51.46,48.54,4056609.0,80.26,3926252.0,77.68,3389617.0,67.06,884210.0,17.49,94.33,91.27,78.7,5054253,22491.0,0.44,71969.0,1.42,1318507.0,26.09,271640.0,5.37,107302.0,2.12,2564.0,0.05,228050.0,4.51,3303370.0,65.36,0.57,0.4,0.44,0.62,0.54,0.6,0.02,0.37,0.08
040US13,13,,,,2791,205,,,251.0,0.0,96.0,84.0,292.0,,208.0,10.0,1.0,False,5/13/2011,1.0,7/1/2011,1.0,7/1/2011,1.0,11/27/2019,1.0,5/1/2013,1.0,16334064,,,11019466,16001285000,4925933,11399940300,4601344600,17009307,20.73,26.89,11.05,94.28,13.47,16.33,51.2,48.8,8582918.0,79.31,8280518.0,76.51,7120517.0,65.79,1581263.0,14.61,95.32,92.35,78.77,10822590,42058.0,0.39,472915.0,4.37,3391689.0,31.34,1158299.0,10.7,448586.0,4.14,7338.0,0.07,782473.0,7.23,5677531.0,52.46,0.47,0.34,0.34,0.54,0.54,0.59,0.04,0.35,0.11
040US05,5,,,,,93,,,115.0,,21.0,42.0,135.0,,94.0,,,True,3/11/2011,1.0,3/1/2013,1.0,7/27/2011,1.0,8/1/2017,1.0,5/1/2013,1.0,3157416,2329491100,277126900,2021444,8580718900,1169065,4562147600,1411953400,9560992,15.88,34.39,11.44,96.75,9.23,17.82,50.67,49.33,2409758.0,79.46,2326772.0,76.72,2022491.0,66.69,525644.0,17.33,97.35,94.85,81.21,3032651,16893.0,0.56,47309.0,1.56,452127.0,14.91,265833.0,8.77,91871.0,3.03,12040.0,0.4,263525.0,8.69,2148886.0,70.86,0.56,0.42,0.38,0.68,0.66,0.68,0.02,0.21,0.1
040US42,42,,,,3445,328,,,357.0,0.0,97.0,114.0,432.0,36.0,318.0,22.0,25.0,True,1/1/1972,1.0,1/1/1990,1.0,1/1/2002,1.0,6/30/2015,1.0,8/1/2016,1.0,21881954,7083684700,787076100,13300000,42091155800,6038600,19543836300,14676558800,45984436,20.57,33.21,8.09,95.28,13.92,12.87,50.71,49.29,10628282.0,81.84,10312707.0,79.41,8953305.0,68.94,2476241.0,19.07,97.2,94.85,80.64,12986518,23921.0,0.18,480439.0,3.7,1393616.0,10.73,1087732.0,8.38,445130.0,3.43,4614.0,0.04,794713.0,6.12,9844085.0,75.8,0.47,0.55,0.4,0.82,0.74,0.78,0.04,0.13,0.1
040US29,29,,,,1654,110,,,163.0,0.0,40.0,60.0,197.0,,137.0,1.0,4.0,True,8/28/2021,1.0,7/1/2017,1.0,12/13/2023,0.05,,0.0,12/13/2023,0.05,10609704,2530045500,281864300,8744584,15469211600,3227721,9585913300,3071388400,12422350,19.55,30.34,8.41,97.79,12.34,17.39,50.7,49.3,4945676.0,80.18,4781610.0,77.52,4168915.0,67.59,1079129.0,17.5,97.22,94.77,81.16,6168181,16830.0,0.27,127846.0,2.07,686616.0,11.13,311924.0,5.06,106663.0,1.73,9681.0,0.16,388899.0,6.3,4831646.0,78.33,0.48,0.44,0.33,0.83,0.84,0.86,0.02,0.07,0.06
040US08,8,,,,,289,11,,331.0,4.0,36.0,112.0,388.0,101.0,276.0,20.0,7.0,True,6/3/2005,1.0,6/1/2005,1.0,6/3/2005,1.0,5/21/2018,1.0,2/1/2008,1.0,8814323,2914745700,332704000,5708993,12872653900,3912290,5293192500,4332011800,14272632,27.68,20.08,7.24,94.5,17.05,16.87,49.36,50.64,4717446.0,81.18,4569892.0,78.65,3992646.0,68.71,882557.0,15.19,102.59,101.7,86.11,5810774,58576.0,1.01,187534.0,3.23,232985.0,4.01,1291078.0,22.22,315713.0,5.43,8647.0,0.15,738535.0,12.71,4268784.0,73.46,0.37,0.43,0.23,0.62,0.6,0.68,0.02,0.03,0.25
040US49,49,,,,716,12,,0.0,43.0,0.0,,20.0,64.0,2.0,43.0,,,True,7/1/1995,1.0,7/1/1995,1.0,7/1/1995,1.0,,0.0,1/1/2006,1.0,6442975,1045833800,113261900,5027979,4582221200,1693512,2424306500,998819000,7033499,24.27,22.45,6.72,95.09,12.65,20.23,49.37,50.63,2498070.0,74.99,2387055.0,71.66,2064755.0,61.98,387028.0,11.62,102.55,101.05,89.32,3331187,33869.0,1.02,78887.0,2.37,37772.0,1.13,513013.0,15.4,185734.0,5.58,31483.0,0.95,275313.0,8.26,2688129.0,80.7,0.33,0.45,0.2,0.56,0.74,0.81,0.02,0.01,0.13
040US40,40,,,,2970,457,57,,453.0,58.0,44.0,163.0,536.0,21.0,373.0,22.0,34.0,True,5/15/1990,1.0,1/1/1991,1.0,5/15/1990,1.0,11/1/2015,1.0,7/1/2006,1.0,4640352,2561933600,233386800,3190656,9388908200,1863054,5139232800,1454355100,9388341,18.11,30.72,10.87,95.9,9.68,18.95,50.22,49.78,3142477.0,78.66,3031877.0,75.89,2633698.0,65.92,642174.0,16.07,99.11,97.13,82.2,3995260,295365.0,7.39,93550.0,2.34,282536.0,7.07,490797.0,12.28,136607.0,3.42,7706.0,0.19,511043.0,12.79,2668453.0,66.79,0.43,0.41,0.23,0.64,0.63,0.65,0.02,0.07,0.13
040US47,47,,,,1701,353,,,381.0,,82.0,139.0,482.0,,342.0,17.0,66.0,False,1/1/2003,1.0,1/1/2003,1.0,1/1/2003,1.0,4/1/2013,1.0,1/1/2010,1.0,9641517,,,7008289,12093591600,3518466,8607066600,3486525000,14790979,19.01,31.39,10.39,96.44,11.38,16.74,50.93,49.07,5612667.0,80.34,5428076.0,77.7,4715351.0,67.5,1172740.0,16.79,96.35,93.72,81.27,6986082,17288.0,0.25,129226.0,1.85,1108897.0,15.87,496457.0,7.11,174679.0,2.5,5037.0,0.07,417706.0,5.98,5133249.0,73.48,0.55,0.43,0.34,0.8,0.78,0.81,0.02,0.12,0.07
040US56,56,,,,160,10,,0.0,15.0,,0.0,,41.0,,32.0,,,False,7/1/2003,1.0,7/1/2003,1.0,7/1/2003,1.0,7/1/2019,1.0,7/1/2013,1.0,2509600,,,2086790,735514000,367586,431964700,303549300,1153073,18.8,27.78,5.94,98.07,11.12,20.24,48.83,51.17,462236.0,79.73,447402.0,77.17,392545.0,67.71,104321.0,17.99,104.78,103.95,94.77,579761,11927.0,2.06,4792.0,0.83,4982.0,0.86,60581.0,10.45,18121.0,3.13,499.0,0.09,41069.0,7.08,498371.0,85.96,0.39,0.44,0.21,0.69,0.76,0.83,0.01,0.01,0.11
040US36,36,,,,5394,394,,17.0,437.0,,154.0,168.0,552.0,126.0,384.0,79.0,14.0,True,1/1/1972,1.0,1/1/1990,1.0,1/1/1998,1.0,8/27/2013,1.0,6/1/2013,1.0,43422356,15055383800,2689050600,30606624,95269844500,15377414,43834093100,33691317000,94182819,22.03,24.56,12.14,86.71,17.52,13.14,51.18,48.82,16235440.0,81.7,15763042.0,79.32,13721365.0,69.05,3461186.0,17.42,95.4,92.78,78.23,19872319,102927.0,0.52,1769224.0,8.9,2927008.0,14.73,3898652.0,19.62,1949904.0,9.81,9671.0,0.05,1772641.0,8.92,11340944.0,57.07,0.51,0.53,0.39,0.73,0.64,0.7,0.07,0.16,0.14
040US18,18,,,,1693,183,,,201.0,0.0,40.0,71.0,239.0,2.0,168.0,4.0,5.0,False,12/31/1987,1.0,1/1/1990,1.0,1/1/1994,1.0,11/1/2014,1.0,7/1/2007,1.0,9819388,3947067200,453552600,7249514,17886329900,2835213,9522057000,3963653100,19841608,18.32,32.82,9.77,96.37,10.48,16.43,50.42,49.58,5403282.0,79.32,5215681.0,76.57,4511353.0,66.23,1116303.0,16.39,98.32,95.89,81.16,6811752,17208.0,0.25,172936.0,2.54,630680.0,9.26,569410.0,8.36,213942.0,3.14,2345.0,0.03,426963.0,6.27,5347678.0,78.51,0.55,0.5,0.38,0.85,0.81,0.82,0.03,0.06,0.09
040US20,20,,,,925,70,,,101.0,,13.0,29.0,116.0,1.0,87.0,,,False,7/1/2008,1.0,7/1/2008,1.0,7/1/2008,1.0,,0.0,4/1/2011,1.0,6990982,,,5724638,5207829500,1514301,3373617700,1834211800,6157970,22.01,25.61,8.1,95.32,13.15,18.7,49.83,50.17,2315234.0,78.81,2232748.0,76.01,1935518.0,65.89,486659.0,16.57,100.67,98.84,83.81,2937569,21898.0,0.75,86212.0,2.93,159829.0,5.44,389514.0,13.26,115004.0,3.91,2586.0,0.09,262988.0,8.95,2289052.0,77.92,0.3,0.28,0.17,0.72,0.75,0.8,0.01,0.03,0.13
040US16,16,,,,456,66,,0.0,69.0,,,26.0,90.0,,65.0,,,False,1/1/1967,1.0,1/1/1990,1.0,4/4/2000,1.0,,0.0,4/1/2008,1.0,2614507,775087100,86314200,1574255,3599369400,861764,2060471200,677496900,4313611,20.8,25.92,8.32,96.42,10.38,20.75,49.71,50.29,1484640.0,78.42,1430129.0,75.54,1237060.0,65.34,314391.0,16.61,101.15,99.48,90.94,1893296,21532.0,1.14,24979.0,1.32,14108.0,0.75,252466.0,13.33,92163.0,4.87,3098.0,0.16,159396.0,8.42,1578020.0,83.35,0.4,0.41,0.2,0.68,0.69,0.78,0.01,0.01,0.16
040US02,2,,,,,13,,,11.0,4.0,,12.0,40.0,,27.0,,,True,9/7/2008,1.0,9/1/2008,1.0,9/7/2008,1.0,6/7/2018,1.0,1/1/2012,1.0,2033162,619243700,38918200,1134424,2576330600,712161,1381949900,536218800,3130378,19.63,28.94,6.53,95.73,11.61,20.29,47.5,52.5,574021.0,78.21,555513.0,75.69,485945.0,66.21,97815.0,13.33,110.52,112.03,99.78,733971,101226.0,13.79,47099.0,6.42,22774.0,3.1,52473.0,7.15,16144.0,2.2,11379.0,1.55,89804.0,12.24,445545.0,60.7,0.16,0.2,0.13,0.45,0.47,0.46,0.09,0.02,0.06
040US32,32,,,,779,101,,,104.0,,15.0,36.0,129.0,18.0,93.0,6.0,,True,6/29/1995,1.0,1/1/1996,1.0,10/1/1995,1.0,10/1/2015,1.0,2/1/2011,1.0,4024586,1980420500,217824300,2141742,5246028500,2313396,2079082900,968700700,5512870,17.76,27.43,12.63,88.89,9.62,20.85,49.62,50.38,2528760.0,80.51,2448129.0,77.94,2140106.0,68.13,522417.0,16.63,101.54,100.32,89.99,3141000,41434.0,1.32,274032.0,8.72,295802.0,9.42,917057.0,29.2,370951.0,11.81,22581.0,0.72,465898.0,14.83,1670302.0,53.18,0.3,0.31,0.2,0.62,0.67,0.65,0.04,0.04,0.23
040US17,17,,,,3263,178,,,214.0,0.0,73.0,72.0,256.0,18.0,184.0,13.0,,True,1/1/1961,1.0,1/1/1990,1.0,4/1/2000,1.0,1/1/2018,1.0,12/1/2009,1.0,14483663,8708492500,1895262700,9487661,31034962500,9407957,11270177000,9161030300,34895505,22.31,25.26,9.74,91.19,14.88,16.67,50.6,49.4,10223628.0,80.55,9883774.0,77.87,8590151.0,67.68,2101833.0,16.56,97.64,95.41,80.19,12692653,66990.0,0.53,738308.0,5.82,1750414.0,13.79,2348118.0,18.5,920254.0,7.25,5514.0,0.04,1172661.0,9.24,8038512.0,63.33,0.48,0.48,0.35,0.83,0.77,0.81,0.03,0.12,0.09
040US50,50,,,,659,,,0.0,2.0,0.0,,,33.0,0.0,24.0,,,True,7/1/2006,1.0,6/1/2008,1.0,7/1/2006,1.0,11/15/2013,1.0,1/1/2009,1.0,863651,292646900,32495600,528775,2006682200,298620,1021937000,659602700,2368917,24.67,27.25,5.47,98.78,17.96,13.19,50.36,49.64,543008.0,84.15,528077.0,81.84,454606.0,70.45,134141.0,20.79,98.58,96.47,88.08,645254,1273.0,0.2,10700.0,1.66,7887.0,1.22,16058.0,2.49,4413.0,0.68,120.0,0.02,31026.0,4.81,589835.0,91.41,0.49,0.45,0.28,0.89,0.9,0.9,0.03,0.02,0.03
040US34,34,,,,2175,167,,,191.0,0.0,70.0,67.0,237.0,31.0,170.0,15.0,,True,1/4/2008,1.0,8/1/2009,1.0,8/1/2010,1.0,11/1/2015,1.0,1/1/2012,1.0,10089854,5594358300,621022700,5804512,23173786800,5621927,9350631600,7607774200,26149820,25.8,25.75,9.3,87.33,17.11,13.05,50.81,49.19,7477249.0,80.69,7235692.0,78.08,6275201.0,67.72,1559816.0,16.83,96.82,94.49,78.62,9267014,41900.0,0.45,918644.0,9.91,1201053.0,12.96,2032968.0,21.94,848026.0,9.15,2658.0,0.03,978591.0,10.56,5276142.0,56.93,0.43,0.55,0.43,0.58,0.43,0.47,0.15,0.24,0.31
040US38,38,,,,228,,10,0.0,,1.0,0.0,0.0,26.0,,17.0,,,True,12/1/2005,1.0,12/1/2006,1.0,4/5/2007,1.0,1/1/2018,1.0,10/1/2008,1.0,829199,382999100,47138000,433421,1583330400,400343,668863900,484329300,2029821,22.66,25.68,6.17,97.92,9.63,18.75,48.79,51.21,613763.0,78.75,594569.0,76.29,518247.0,66.5,126120.0,16.18,104.97,105.04,87.52,779361,34916.0,4.48,12187.0,1.56,25209.0,3.23,34963.0,4.49,11146.0,1.43,1127.0,0.14,40956.0,5.26,653820.0,83.89,0.25,0.26,0.19,0.7,0.67,0.85,0.01,0.02,0.04
040US19,19,,,,896,54,,,79.0,,6.0,28.0,98.0,,70.0,,,False,5/31/2006,1.0,5/1/2006,1.0,5/31/2006,1.0,,0.0,3/1/2009,1.0,7239302,1416242700,158525300,6181562,6924571900,1315065,3640257200,1709546800,8743874,20.62,30.37,6.78,96.39,10.24,16.61,49.89,50.11,2547553.0,79.71,2459358.0,76.95,2131405.0,66.69,569081.0,17.81,100.44,98.66,84.11,3195937,10998.0,0.34,78267.0,2.45,123234.0,3.86,223471.0,6.99,64571.0,2.02,4396.0,0.14,179208.0,5.61,2735263.0,85.59,0.46,0.46,0.31,0.79,0.84,0.85,0.02,0.03,0.09
040US45,45,,,,1317,203,,0.0,212.0,,74.0,70.0,243.0,,173.0,,4.0,False,6/14/2006,1.0,6/1/2006,1.0,6/14/2006,1.0,5/19/2017,1.0,2/1/2008,1.0,13630820,,,11744060,8826629100,2303167,6652683100,2173945900,10198157,19.44,28.23,10.41,96.95,12.03,16.48,51.32,48.68,4216865.0,80.89,4085712.0,78.38,3545956.0,68.02,963569.0,18.48,94.85,92.21,81.37,5212774,16823.0,0.32,89723.0,1.72,1318630.0,25.3,368900.0,7.08,142798.0,2.74,3642.0,0.07,301711.0,5.79,3339447.0,64.06,0.56,0.35,0.42,0.57,0.47,0.52,0.03,0.43,0.11
040US04,4,,,,,186,,,243.0,11.0,14.0,79.0,291.0,76.0,212.0,11.0,10.0,True,9/19/2007,1.0,9/1/2007,1.0,9/19/2007,1.0,10/16/2017,1.0,12/1/2008,1.0,6609857,6742457500,709590200,2480707,22147056000,4784942,11123060900,3571947400,25346979,20.03,23.48,10.91,92.15,12.58,20.54,50.07,49.93,5862117.0,80.65,5673395.0,78.06,4955579.0,68.18,1349934.0,18.57,99.7,98.27,86.17,7268175,296794.0,4.08,249816.0,3.44,336931.0,4.64,2255770.0,31.04,595790.0,8.2,14434.0,0.2,1180757.0,16.25,4593653.0,63.2,0.53,0.56,0.38,0.52,0.52,0.46,0.03,0.05,0.41
040US10,10,,,,1331,13,,,6.0,0.0,11.0,,35.0,,26.0,,,True,7/15/2010,1.0,9/1/2011,1.0,1/1/2011,1.0,,0.0,8/1/2012,1.0,1609099,826860500,92409500,715001,3341415100,486487,1539699900,882445200,3525743,20.32,29.02,8.61,94.44,14.96,15.64,51.53,48.47,820630.0,81.58,795476.0,79.08,693327.0,68.93,201255.0,20.01,94.08,91.77,82.32,1005872,3744.0,0.37,41164.0,4.09,220645.0,21.94,107829.0,10.72,41233.0,4.1,403.0,0.04,76884.0,7.64,621799.0,61.82,0.42,0.4,0.41,0.61,0.5,0.51,0.07,0.3,0.19
040US11,11,,,,570,36,,0.0,46.0,0.0,63.0,16.0,67.0,,48.0,,,True,2/22/2014,1.0,2/1/2014,1.0,2/22/2014,1.0,3/16/2021,1.0,10/1/2016,1.0,1842715,696915300,77432200,1281479,3960539700,1051346,2401120600,785071600,5409838,26.07,14.52,7.15,94.89,37.49,10.19,52.39,47.61,556577.0,82.81,546404.0,81.3,486548.0,72.39,85501.0,12.72,90.89,87.39,71.19,672079,2044.0,0.3,27465.0,4.09,290772.0,43.26,77760.0,11.57,32338.0,4.81,378.0,0.06,56533.0,8.41,262549.0,39.07,0.28,0.66,0.39,0.52,0.17,0.38,0.08,0.67,0.19
040US60,60,,,,8706,,,,,,,,,,,,,False,,,,,,,,,,,,,,,,,,,,,,,,,,,,,,,,,,,,,,,,,,,,,,,,,,,,,,,,,,,,,,,,
040US09,9,,,,,46,,0.0,60.0,0.0,10.0,23.0,83.0,19.0,59.0,,,True,6/6/2006,1.0,10/1/2006,1.0,10/1/2006,1.0,10/1/2015,1.0,7/1/2008,1.0,4672696,2477498500,484935900,3268398,10375514500,2081735,4096914100,3316166100,4026380,22.98,25.55,8.67,91.42,18.97,13.65,50.95,49.05,2955944.0,82.15,2864350.0,79.6,2472926.0,68.72,650772.0,18.09,96.28,94.2,80.33,3598348,9569.0,0.27,170954.0,4.75,384753.0,10.69,640668.0,17.8,256744.0,7.14,1806.0,0.05,343180.0,9.54,2431342.0,67.57,0.4,0.59,0.45,0.67,0.5,0.54,0.08,0.19,0.26
040US33,33,,,,349,10,,0.0,10.0,0.0,,4.0,44.0,,33.0,,,True,6/12/2012,1.0,6/1/2012,1.0,6/12/2012,1.0,1/21/2016,1.0,10/1/2014,1.0,844784,415928500,50356100,348674,2448042400,800935,1088044700,893713100,3468659,24.13,27.01,5.94,97.62,15.69,14.21,50.1,49.9,1164149.0,83.88,1130928.0,81.49,980424.0,70.64,270525.0,19.49,99.61,98.27,86.87,1387834,1923.0,0.14,35818.0,2.58,21164.0,1.52,62758.0,4.52,17835.0,1.29,283.0,0.02,76662.0,5.52,1234149.0,88.93,0.49,0.58,0.42,0.87,0.85,0.85,0.04,0.05,0.07
040US31,31,,,,553,44,,,45.0,,6.0,21.0,66.0,,44.0,,,False,4/14/2011,1.0,8/1/2011,1.0,8/27/2011,1.0,,0.0,1/1/2017,1.0,2638860,766965400,93805700,1316990,3857395200,940254,1885777300,1110846800,4460498,22.2,25.13,7.93,94.82,11.92,18.6,49.77,50.23,1536522.0,78.16,1481176.0,75.34,1289801.0,65.61,322165.0,16.39,100.93,98.98,84.31,1965926,19581.0,1.0,49107.0,2.5,93595.0,4.76,242226.0,12.32,83156.0,4.23,933.0,0.05,149163.0,7.59,1570391.0,79.88,0.27,0.26,0.17,0.65,0.74,0.81,0.01,0.02,0.1
040US53,53,,,,1772,366,24,13.0,393.0,19.0,30.0,138.0,452.0,28.0,314.0,21.0,8.0,True,7/22/2007,1.0,8/1/2011,1.0,7/22/2007,1.0,1/1/2019,1.0,1/1/2012,1.0,19991136,9348678300,1016797100,15622668,28394129400,5064374,10195002000,7833652000,17340567,23.66,21.75,7.79,92.14,15.11,18.41,49.64,50.36,6252501.0,80.77,6065086.0,78.35,5329176.0,68.84,1259313.0,16.27,101.44,100.19,85.41,7740984,90212.0,1.17,727603.0,9.4,306214.0,3.96,1089609.0,14.08,430575.0,5.56,54406.0,0.7,880588.0,11.38,5251386.0,67.84,0.36,0.46,0.27,0.71,0.69,0.68,0.05,0.04,0.2
040US72,72,,,,939,,,,,,,,,,,,,False,,,,,,,,,,,,,,,,,,,,,,,,,,,,,,,,,,,,,,,,,,,,,,,,,,,,,,,,,,,,,,,,
040US48,48,,,,6884,1009,,16.0,1204.0,,253.0,386.0,1405.0,391.0,1019.0,100.0,86.0,False,1/1/1982,1.0,8/1/1981,1.0,1/1/1998,1.0,9/1/2017,1.0,8/1/2012,1.0,51603738,,,38099016,55552113500,14673957,36190073700,19362039800,62641679,21.14,24.32,14.3,87.16,11.94,18.29,50.1,49.9,23026070.0,77.68,22157813.0,74.76,19140398.0,64.58,3905545.0,13.18,99.59,97.76,82.35,29640343,190706.0,0.64,1581798.0,5.34,3626137.0,12.23,11697134.0,39.46,2540808.0,8.57,29841.0,0.1,5686063.0,19.18,15984990.0,53.93,0.42,0.36,0.24,0.47,0.48,0.5,0.03,0.1,0.39
040US39,39,,,,3162,308,,,355.0,,120.0,120.0,439.0,15.0,319.0,13.0,47.0,True,5/18/2005,1.0,5/1/2005,1.0,5/18/2005,1.0,4/15/2015,1.0,10/1/2006,1.0,16112799,7113678100,789815500,11414061,31100487400,6611489,15926150200,7270843700,39173323,19.03,32.31,8.38,97.23,11.92,16.13,50.69,49.31,9477782.0,80.46,9169867.0,77.84,7966226.0,67.62,2103043.0,17.85,97.29,94.83,80.84,11780046,17151.0,0.15,288117.0,2.45,1446466.0,12.28,537559.0,4.56,186517.0,1.58,4229.0,0.04,670374.0,5.69,9167192.0,77.82,0.56,0.52,0.39,0.82,0.79,0.84,0.03,0.11,0.06
040US55,55,,,,1528,104,,,130.0,,34.0,44.0,160.0,7.0,116.0,,,False,6/2/2010,1.0,6/1/2010,1.0,6/2/2010,1.0,4/1/2017,1.0,6/1/2013,1.0,9235082,,,5569074,11821933900,2940326,7714619100,4107314900,16882942,21.62,29.67,6.62,96.92,11.14,16.37,49.92,50.08,4771274.0,80.98,4617713.0,78.37,4012277.0,68.1,1062121.0,18.03,100.31,98.55,86.84,5892023,43336.0,0.74,169891.0,2.88,361890.0,6.14,457687.0,7.77,139011.0,2.36,2229.0,0.04,383986.0,6.52,4791680.0,81.32,0.44,0.48,0.31,0.83,0.83,0.83,0.03,0.04,0.08
040US41,41,,,,994,342,15,,380.0,10.0,15.0,131.0,440.0,18.0,310.0,20.0,11.0,True,7/23/2009,1.0,7/1/2009,1.0,7/23/2009,1.0,,0.0,9/1/2011,1.0,10447560,4551561600,506854800,6986398,14828597000,2762314,6573075500,3197105100,17301202,22.34,22.38,8.28,94.67,13.88,20.38,50.13,49.87,3483666.0,82.19,3382420.0,79.8,2972641.0,70.13,789610.0,18.63,99.48,97.53,85.75,4238714,46276.0,1.09,188624.0,4.45,81642.0,1.93,605467.0,14.28,198863.0,4.69,16973.0,0.4,458680.0,10.82,3247656.0,76.62,0.37,0.46,0.26,0.73,0.71,0.73,0.03,0.02,0.17
040US28,28,,,,875,116,,,118.0,0.0,38.0,48.0,149.0,,101.0,,,True,1/1/2005,1.0,6/1/2006,1.0,6/30/2006,1.0,,0.0,7/1/2008,1.0,6292046,,,5288100,5421573700,1165973,4505694800,915879000,6980494,14.73,29.91,13.36,98.33,9.43,18.18,51.5,48.5,2342850.0,79.38,2259103.0,76.54,1946558.0,65.95,495115.0,16.78,94.18,91.16,78.3,2951438,13181.0,0.45,28918.0,0.98,1090777.0,36.96,106126.0,3.6,49104.0,1.66,1411.0,0.05,106174.0,3.6,1661873.0,56.31,0.59,0.36,0.48,0.5,0.44,0.5,0.02,0.5,0.06
040US37,37,,,,2660,285,,,326.0,1.0,114.0,105.0,379.0,,275.0,5.0,16.0,False,8/13/2005,1.0,1/1/2006,1.0,1/1/2006,1.0,6/29/2017,1.0,7/1/2007,1.0,24060628,,,19133390,18894158100,5406512,13752491600,5141666600,24712854,21.79,24.96,10.25,95.1,12.93,16.77,51.08,48.92,8533822.0,80.63,8261517.0,78.05,7129690.0,67.36,1787027.0,16.88,95.77,93.19,79.59,10584340,110873.0,1.05,333844.0,3.15,2178329.0,20.58,1158750.0,10.95,506289.0,4.78,6153.0,0.06,753265.0,7.12,6695587.0,63.26,0.52,0.37,0.36,0.63,0.59,0.61,0.03,0.26,0.14
040US51,51,,,,2543,239,,,233.0,,81.0,80.0,282.0,,203.0,15.0,11.0,True,4/1/2003,1.0,9/1/2003,1.0,4/1/2003,1.0,7/1/2015,1.0,6/1/2006,1.0,16466963,6211485600,692144700,9938639,21326158400,5121074,8036045800,6386482300,23747747,23.33,23.89,8.66,93.86,18.15,15.3,50.58,49.42,6980834.0,80.63,6763514.0,78.12,5851881.0,67.59,1410160.0,16.29,97.7,95.47,81.02,8657499,27216.0,0.31,593606.0,6.86,1623031.0,18.75,929140.0,10.73,351544.0,4.06,5679.0,0.07,712248.0,8.23,5344175.0,61.73,0.43,0.31,0.32,0.67,0.64,0.65,0.04,0.22,0.1
040US54,54,,,,546,79,,0.0,71.0,0.0,,36.0,115.0,0.0,79.0,,17.0,True,6/11/1995,1.0,6/1/1995,1.0,6/11/1995,1.0,6/8/2012,1.0,5/1/2013,1.0,1843219,1283189500,145475300,1057911,5242293200,629536,3009628700,803999700,6278653,13.86,39.48,11.39,99.33,9.43,14.94,50.12,49.88,1469375.0,82.34,1425051.0,79.86,1239093.0,69.44,368989.0,20.68,99.54,97.75,85.35,1784462,1532.0,0.09,13434.0,0.75,58519.0,3.28,36125.0,2.02,12055.0,0.68,513.0,0.03,76400.0,4.28,1622009.0,90.9,0.55,0.54,0.44,0.78,0.88,0.88,0.01,0.06,0.03
040US22,22,,,,1390,226,,,279.0,,150.0,90.0,332.0,,242.0,10.0,9.0,True,7/1/2006,1.0,7/1/2006,1.0,7/1/2006,1.0,8/1/2014,1.0,1/1/2009,1.0,6233610,5485590600,708047200,4366734,15268318100,3089799,6602937600,2471742800,17175590,16.77,32.54,13.1,96.82,9.78,17.45,51.03,48.97,3655132.0,79.1,3532362.0,76.44,3076184.0,66.57,753854.0,16.31,95.96,93.18,80.32,4621025,27605.0,0.6,79925.0,1.73,1434953.0,31.05,321022.0,6.95,107185.0,2.32,2884.0,0.06,289531.0,6.27,2678942.0,57.97,0.57,0.43,0.4,0.55,0.46,0.58,0.03,0.44,0.09
040US26,26,,,,2972,238,,,287.0,,103.0,103.0,338.0,15.0,236.0,15.0,1.0,True,1/1/1988,1.0,1/1/1990,1.0,1/3/2002,1.0,6/1/2018,1.0,1/1/2003,1.0,16647475,5658509000,710094100,11578389,22386846300,4302366,11191489400,4826753800,22787874,19.28,28.2,8.11,96.44,12.48,18.47,50.43,49.57,8155338.0,81.13,7896802.0,78.56,6853309.0,68.18,1824907.0,18.16,98.28,96.15,83.27,10051595,46010.0,0.46,329676.0,3.28,1346689.0,13.4,576808.0,5.74,176786.0,1.76,2670.0,0.03,633452.0,6.3,7516312.0,74.78,0.49,0.51,0.3,0.83,0.76,0.82,0.03,0.11,0.07
040US25,25,,,,1613,141,,,153.0,,23.0,58.0,196.0,29.0,139.0,2.0,3.0,True,1/1/1992,1.0,12/1/1992,1.0,1/1/1994,1.0,12/5/2014,1.0,1/1/2011,1.0,7661498,3369682700,373670100,4390244,23283607200,4245476,10756437900,8783816500,32266010,25.27,22.84,8.6,90.3,21.36,12.29,51.14,48.86,5791845.0,82.83,5623987.0,80.43,4861118.0,69.52,1221349.0,17.47,95.56,93.13,79.28,6992395,16406.0,0.23,494890.0,7.08,489390.0,7.0,904679.0,12.94,379870.0,5.43,2593.0,0.04,663572.0,9.49,4945674.0,70.73,0.47,0.53,0.42,0.69,0.59,0.61,0.1,0.15,0.2
040US12,12,,,,5122,620,,,768.0,,129.0,292.0,947.0,109.0,654.0,91.0,75.0,True,6/18/2009,1.0,12/1/2010,1.0,7/1/2009,1.0,7/1/2018,1.0,10/1/2011,1.0,33369069,,,22976981,34570322600,16199752,22566038000,12004284600,40122535,20.73,27.42,10.37,87.9,12.48,15.99,50.87,49.13,18129301.0,82.67,17623515.0,80.37,15464965.0,70.52,4630733.0,21.12,96.58,94.43,83.21,21928881,66779.0,0.3,628137.0,2.86,3363769.0,15.34,5865737.0,26.75,1222567.0,5.58,13136.0,0.06,3497792.0,15.95,13136701.0,59.91,0.47,0.47,0.32,0.64,0.52,0.59,0.04,0.25,0.21
040US78,78,,,,29,,,,,,,,,,,,,False,,,,,,,,,,,,,,,,,,,,,,,,,,,,,,,,,,,,,,,,,,,,,,,,,,,,,,,,,,,,,,,,
040US30,30,,,,319,41,14,0.0,43.0,16.0,0.0,20.0,68.0,,47.0,,,True,7/1/2011,1.0,7/1/2011,1.0,7/1/2011,1.0,7/1/2021,1.0,10/1/2012,1.0,1236606,932547900,94964700,678860,2388113000,590358,978281000,382319400,3010089,22.84,27.88,5.43,99.11,11.7,18.65,49.32,50.68,897820.0,81.25,870130.0,78.74,766496.0,69.36,217665.0,19.7,102.75,101.56,92.87,1105072,63108.0,5.71,9197.0,0.83,6015.0,0.54,48519.0,4.39,13423.0,1.21,485.0,0.04,66068.0,5.98,946776.0,85.68,0.3,0.36,0.18,0.65,0.64,0.77,0.01,0.01,0.04
040US27,27,,,,1502,159,18,11.0,167.0,17.0,37.0,65.0,209.0,3.0,144.0,4.0,,True,7/1/2007,1.0,1/1/2009,1.0,7/1/2007,1.0,1/1/2021,1.0,4/1/2010,1.0,7076124,3263687500,354687500,4682712,18541827400,3200650,8341536700,6581915800,21874613,25.27,23.52,6.15,95.42,13.56,16.5,49.91,50.09,4549661.0,79.63,4396457.0,76.95,3835113.0,67.12,962143.0,16.84,100.37,98.85,85.84,5713716,50833.0,0.89,289148.0,5.06,388789.0,6.8,353608.0,6.19,151560.0,2.65,2376.0,0.04,354300.0,6.2,4476710.0,78.35,0.42,0.47,0.3,0.82,0.81,0.82,0.03,0.05,0.08
040US24,24,,,,1464,220,,,244.0,0.0,152.0,87.0,289.0,,203.0,8.0,7.0,True,5/10/2011,1.0,10/1/2011,1.0,10/1/2011,1.0,7/1/2018,1.0,12/1/2013,1.0,8112365,3591477500,399059600,3751691,16486420000,4909921,6894196400,5601686600,19787069,22.47,23.74,8.96,92.23,20.27,14.74,51.35,48.65,4954123.0,80.28,4794802.0,77.7,4156684.0,67.36,1003219.0,16.26,94.74,91.99,77.82,6170738,23158.0,0.38,398305.0,6.45,1825880.0,29.59,744272.0,12.06,401540.0,6.51,2556.0,0.04,458568.0,7.43,3060731.0,49.6,0.43,0.42,0.38,0.62,0.54,0.59,0.06,0.3,0.13
040US23,23,,,,401,,,0.0,7.0,,0.0,-5.0,29.0,0.0,21.0,,,True,6/23/2003,1.0,1/1/2004,1.0,9/13/2003,1.0,1/1/2017,1.0,1/1/2005,1.0,1083356,665752700,92354200,530818,4209270400,569398,2355402300,1095761200,5016695,22.01,30.52,5.51,98.51,13.34,14.9,50.75,49.25,1157198.0,84.01,1125518.0,81.71,984572.0,71.48,301161.0,21.86,97.04,94.9,85.33,1377400,6237.0,0.45,15318.0,1.11,23145.0,1.68,28609.0,2.08,9593.0,0.7,276.0,0.02,64709.0,4.7,1258122.0,91.34,0.46,0.56,0.36,0.9,0.88,0.9,0.02,0.05,0.04
040US15,15,,,,436,11,,,22.0,0.0,0.0,8.0,45.0,,34.0,,,True,1/1/1943,1.0,1/1/1990,1.0,6/18/1996,1.0,7/1/2018,1.0,2/1/2012,1.0,1738904,929989300,103935500,1268098,3095048200,831403,1287827300,773296200,4191540,22.45,26.65,7.1,89.18,13.02,16.82,49.68,50.32,1175666.0,81.33,1144163.0,79.15,1011822.0,69.99,287642.0,19.9,101.3,99.8,84.96,1445635,3835.0,0.27,538807.0,37.27,27740.0,1.92,142225.0,9.84,24334.0,1.68,149030.0,10.31,376533.0,26.05,325356.0,22.51,0.35,0.4,0.24,0.2,0.23,0.25,0.38,0.03,0.13
040US66,66,,,,56,,,,,,,,,,,,,False,,,,,,,,,,,,,,,,,,,,,,,,,,,,,,,,,,,,,,,,,,,,,,,,,,,,,,,,,,,,,,,,
040US69,69,,,,23,,,,,,,,,,,,,False,,,,,,,,,,,,,,,,,,,,,,,,,,,,,,,,,,,,,,,,,,,,,,,,,,,,,,,,,,,,,,,,
040US44,44,,,,247,11,,,33.0,0.0,,12.0,58.0,,43.0,,,True,1/1/1978,1.0,1/1/1990,1.0,1/1/1997,1.0,6/28/2016,1.0,9/1/2012,1.0,1458605,758536900,88602700,855589,3590284000,939987,1622248100,1120896200,4026121,22.25,26.51,10.52,91.39,15.06,14.9,50.96,49.04,912681.0,83.32,886891.0,80.97,762377.0,69.6,199921.0,18.25,96.23,94.05,79.38,1095371,4855.0,0.44,38149.0,3.48,63862.0,5.83,187503.0,17.12,78252.0,7.14,670.0,0.06,117222.0,10.7,792361.0,72.34,0.47,0.51,0.36,0.77,0.72,0.72,0.06,0.07,0.16
